{
  "auc": 0.8952279365430648,
  "report": {
    "benign": {
      "precision": 0.973384030418251,
      "recall": 0.7752770321426113,
      "f1-score": 0.863108693153519,
      "support": 14529.0
    },
    "action manipulation": {
      "precision": 0.25758411472697185,
      "recall": 0.48747390396659707,
      "f1-score": 0.33706243233489713,
      "support": 958.0
    },
    "denial of service": {
      "precision": 0.46367851622874806,
      "recall": 0.6968641114982579,
      "f1-score": 0.5568445475638051,
      "support": 861.0
    },
    "data exfiltration": {
      "precision": 0.32264034546576187,
      "recall": 0.6308805790108565,
      "f1-score": 0.4269387755102041,
      "support": 829.0
    },
    "prompt exfiltration": {
      "precision": 0.5455650060753341,
      "recall": 0.7610169491525424,
      "f1-score": 0.6355272469922152,
      "support": 590.0
    },
    "jailbreaking": {
      "precision": 0.24380804953560373,
      "recall": 0.4861111111111111,
      "f1-score": 0.3247422680412371,
      "support": 648.0
    },
    "accuracy": 0.7395058376323649,
    "macro avg": {
      "precision": 0.4677766770751117,
      "recall": 0.6396039478136627,
      "f1-score": 0.5240373272659796,
      "support": 18415.0
    },
    "weighted avg": {
      "precision": 0.8436399228022153,
      "recall": 0.7395058376323649,
      "f1-score": 0.7755515329226627,
      "support": 18415.0
    }
  },
  "classify_time": 0.8727948665618896,
  "total_time": 0.8727948665618896
}