{
    "index": 100,
    "params": {
        "min_benign_confidence": 0.9,
        "min_malicious_confidence": 0.1
    },
    "time": 69.91672253608704,
    "auc": 0.52183454026772,
    "report": {
        "benign": {
            "precision": 1.0,
            "recall": 0.04366908053543998,
            "f1-score": 0.08368376787216147,
            "support": 4557.0
        },
        "malicious": {
            "precision": 0.5553514947454341,
            "recall": 1.0,
            "f1-score": 0.7141170296510102,
            "support": 5443.0
        },
        "accuracy": 0.5642,
        "macro avg": {
            "precision": 0.777675747372717,
            "recall": 0.52183454026772,
            "f1-score": 0.39890039876158584,
            "support": 10000.0
        },
        "weighted avg": {
            "precision": 0.7579778185899397,
            "recall": 0.5642,
            "f1-score": 0.4268285922583888,
            "support": 10000.0
        }
    }
}