{
    "index": 101,
    "params": {
        "min_benign_confidence": 0.9,
        "min_malicious_confidence": 0.2
    },
    "time": 108.44219303131104,
    "auc": 0.6071977177967962,
    "report": {
        "benign": {
            "precision": 1.0,
            "recall": 0.21439543559359228,
            "f1-score": 0.35308998915793277,
            "support": 4557.0
        },
        "malicious": {
            "precision": 0.6032361742214342,
            "recall": 1.0,
            "f1-score": 0.7525231577492051,
            "support": 5443.0
        },
        "accuracy": 0.642,
        "macro avg": {
            "precision": 0.801618087110717,
            "recall": 0.6071977177967961,
            "f1-score": 0.552806573453569,
            "support": 10000.0
        },
        "weighted avg": {
            "precision": 0.7840414496287266,
            "recall": 0.642,
            "f1-score": 0.5705014628221623,
            "support": 10000.0
        }
    }
}