{
    "index": 102,
    "params": {
        "min_benign_confidence": 0.9,
        "min_malicious_confidence": 0.3
    },
    "time": 166.38867592811584,
    "auc": 0.7305780484572677,
    "report": {
        "benign": {
            "precision": 0.9985761746559089,
            "recall": 0.4617072635505815,
            "f1-score": 0.631452581032413,
            "support": 4557.0
        },
        "malicious": {
            "precision": 0.6892182946914988,
            "recall": 0.9994488333639537,
            "f1-score": 0.8158368326334733,
            "support": 5443.0
        },
        "accuracy": 0.7544,
        "macro avg": {
            "precision": 0.8438972346737038,
            "recall": 0.7305780484572676,
            "f1-score": 0.7236447068329431,
            "support": 10000.0
        },
        "weighted avg": {
            "precision": 0.8301926805912805,
            "recall": 0.7544,
            "f1-score": 0.7318129291788701,
            "support": 10000.0
        }
    }
}