{
    "index": 104,
    "params": {
        "min_benign_confidence": 0.9,
        "min_malicious_confidence": 0.5
    },
    "time": 283.7289559841156,
    "auc": 0.9270786704801222,
    "report": {
        "benign": {
            "precision": 0.9931506849315068,
            "recall": 0.859117840684661,
            "f1-score": 0.9212848570420049,
            "support": 4557.0
        },
        "malicious": {
            "precision": 0.8940244305051172,
            "recall": 0.9950395002755833,
            "f1-score": 0.9418311451178158,
            "support": 5443.0
        },
        "accuracy": 0.9331,
        "macro avg": {
            "precision": 0.9435875577183119,
            "recall": 0.9270786704801222,
            "f1-score": 0.9315580010799104,
            "support": 10000.0
        },
        "weighted avg": {
            "precision": 0.9391962646472228,
            "recall": 0.9331,
            "f1-score": 0.9324682016416688,
            "support": 10000.0
        }
    }
}