{
    "index": 109,
    "params": {
        "min_benign_confidence": 0.9,
        "min_malicious_confidence": 1.0
    },
    "time": 547.0920114517212,
    "auc": 0.9882010587834074,
    "report": {
        "benign": {
            "precision": 0.9885588558855886,
            "recall": 0.9859556725916173,
            "f1-score": 0.987255548231158,
            "support": 4557.0
        },
        "malicious": {
            "precision": 0.9882676443629698,
            "recall": 0.9904464449751975,
            "f1-score": 0.9893558451091944,
            "support": 5443.0
        },
        "accuracy": 0.9884,
        "macro avg": {
            "precision": 0.9884132501242792,
            "recall": 0.9882010587834074,
            "f1-score": 0.9883056966701762,
            "support": 10000.0
        },
        "weighted avg": {
            "precision": 0.9884003494538273,
            "recall": 0.9884,
            "f1-score": 0.9883987398218731,
            "support": 10000.0
        }
    }
}