{
    "index": 110,
    "params": {
        "min_benign_confidence": 1.0,
        "min_malicious_confidence": 0.0
    },
    "time": 70.1413938999176,
    "auc": 0.500219442615756,
    "report": {
        "benign": {
            "precision": 1.0,
            "recall": 0.00043888523151195964,
            "f1-score": 0.000877385391533231,
            "support": 4557.0
        },
        "malicious": {
            "precision": 0.5444088817763553,
            "recall": 1.0,
            "f1-score": 0.7050061524512661,
            "support": 5443.0
        },
        "accuracy": 0.5445,
        "macro avg": {
            "precision": 0.7722044408881776,
            "recall": 0.500219442615756,
            "f1-score": 0.35294176892139967,
            "support": 10000.0
        },
        "weighted avg": {
            "precision": 0.7520217543508702,
            "recall": 0.5445,
            "f1-score": 0.3841346733021458,
            "support": 10000.0
        }
    }
}