{
    "index": 111,
    "params": {
        "min_benign_confidence": 1.0,
        "min_malicious_confidence": 0.1
    },
    "time": 78.60035586357117,
    "auc": 0.5194206714944043,
    "report": {
        "benign": {
            "precision": 1.0,
            "recall": 0.038841342988808425,
            "f1-score": 0.07477820025348543,
            "support": 4557.0
        },
        "malicious": {
            "precision": 0.5541077064033391,
            "recall": 1.0,
            "f1-score": 0.7130879077688982,
            "support": 5443.0
        },
        "accuracy": 0.562,
        "macro avg": {
            "precision": 0.7770538532016695,
            "recall": 0.5194206714944042,
            "f1-score": 0.39393305401119183,
            "support": 10000.0
        },
        "weighted avg": {
            "precision": 0.7573008245953375,
            "recall": 0.562,
            "f1-score": 0.4222101740541246,
            "support": 10000.0
        }
    }
}