{
    "index": 114,
    "params": {
        "min_benign_confidence": 1.0,
        "min_malicious_confidence": 0.4
    },
    "time": 238.7354452610016,
    "auc": 0.8496741279171848,
    "report": {
        "benign": {
            "precision": 0.9944099378881988,
            "recall": 0.7026552556506473,
            "f1-score": 0.8234537739488235,
            "support": 4557.0
        },
        "malicious": {
            "precision": 0.8001474926253688,
            "recall": 0.9966930001837222,
            "f1-score": 0.8876707845864354,
            "support": 5443.0
        },
        "accuracy": 0.8627,
        "macro avg": {
            "precision": 0.8972787152567838,
            "recall": 0.8496741279171848,
            "f1-score": 0.8555622792676294,
            "support": 10000.0
        },
        "weighted avg": {
            "precision": 0.8886728889316404,
            "recall": 0.8627,
            "f1-score": 0.8584070928388755,
            "support": 10000.0
        }
    }
}