{
    "index": 116,
    "params": {
        "min_benign_confidence": 1.0,
        "min_malicious_confidence": 0.6
    },
    "time": 345.98131489753723,
    "auc": 0.9659174533722743,
    "report": {
        "benign": {
            "precision": 0.9923380543301602,
            "recall": 0.9378977397410577,
            "f1-score": 0.9643501805054152,
            "support": 4557.0
        },
        "malicious": {
            "precision": 0.950289829615317,
            "recall": 0.9939371670034908,
            "f1-score": 0.9716235632183908,
            "support": 5443.0
        },
        "accuracy": 0.9684,
        "macro avg": {
            "precision": 0.9713139419727386,
            "recall": 0.9659174533722743,
            "f1-score": 0.967986871861903,
            "support": 10000.0
        },
        "weighted avg": {
            "precision": 0.9694512056178711,
            "recall": 0.9684,
            "f1-score": 0.9683090827160878,
            "support": 10000.0
        }
    }
}