{
    "index": 117,
    "params": {
        "min_benign_confidence": 1.0,
        "min_malicious_confidence": 0.7
    },
    "time": 399.5469148159027,
    "auc": 0.9810002930605133,
    "report": {
        "benign": {
            "precision": 0.9905850706119704,
            "recall": 0.9697169190256748,
            "f1-score": 0.9800399201596807,
            "support": 4557.0
        },
        "malicious": {
            "precision": 0.9750857555515436,
            "recall": 0.9922836670953519,
            "f1-score": 0.9836095428883628,
            "support": 5443.0
        },
        "accuracy": 0.982,
        "macro avg": {
            "precision": 0.982835413081757,
            "recall": 0.9810002930605133,
            "f1-score": 0.9818247315240217,
            "support": 10000.0
        },
        "weighted avg": {
            "precision": 0.9821487934245801,
            "recall": 0.982,
            "f1-score": 0.9819828658109023,
            "support": 10000.0
        }
    }
}