{
    "index": 118,
    "params": {
        "min_benign_confidence": 1.0,
        "min_malicious_confidence": 0.8
    },
    "time": 453.57456040382385,
    "auc": 0.9873437086189102,
    "report": {
        "benign": {
            "precision": 0.9896201413427562,
            "recall": 0.9833223612025456,
            "f1-score": 0.9864611997798569,
            "support": 4557.0
        },
        "malicious": {
            "precision": 0.9861111111111112,
            "recall": 0.9913650560352747,
            "f1-score": 0.9887311039853413,
            "support": 5443.0
        },
        "accuracy": 0.9877,
        "macro avg": {
            "precision": 0.9878656262269336,
            "recall": 0.9873437086189101,
            "f1-score": 0.9875961518825991,
            "support": 10000.0
        },
        "weighted avg": {
            "precision": 0.9877101761876719,
            "recall": 0.9877,
            "f1-score": 0.987696708638902,
            "support": 10000.0
        }
    }
}