{
    "index": 119,
    "params": {
        "min_benign_confidence": 1.0,
        "min_malicious_confidence": 0.9
    },
    "time": 502.4113037586212,
    "auc": 0.9881831985815371,
    "report": {
        "benign": {
            "precision": 0.9887739379264803,
            "recall": 0.9857362299758613,
            "f1-score": 0.9872527472527473,
            "support": 4557.0
        },
        "malicious": {
            "precision": 0.9880886934212938,
            "recall": 0.990630167187213,
            "f1-score": 0.9893577981651376,
            "support": 5443.0
        },
        "accuracy": 0.9884,
        "macro avg": {
            "precision": 0.9884313156738871,
            "recall": 0.9881831985815371,
            "f1-score": 0.9883052727089424,
            "support": 10000.0
        },
        "weighted avg": {
            "precision": 0.9884009593423072,
            "recall": 0.9884,
            "f1-score": 0.9883985264643612,
            "support": 10000.0
        }
    }
}