{
    "index": 17,
    "params": {
        "min_benign_confidence": 0.1,
        "min_malicious_confidence": 0.6
    },
    "time": 70.01399207115173,
    "auc": 0.610197606805519,
    "report": {
        "benign": {
            "precision": 0.5178490222828559,
            "recall": 0.9995611147684881,
            "f1-score": 0.6822436905564293,
            "support": 4557.0
        },
        "malicious": {
            "precision": 0.9983388704318937,
            "recall": 0.22083409884255006,
            "f1-score": 0.3616669174063487,
            "support": 5443.0
        },
        "accuracy": 0.5757,
        "macro avg": {
            "precision": 0.7580939463573748,
            "recall": 0.610197606805519,
            "f1-score": 0.521955303981389,
            "support": 10000.0
        },
        "weighted avg": {
            "precision": 0.7793796466303772,
            "recall": 0.5757,
            "f1-score": 0.5077537529308405,
            "support": 10000.0
        }
    }
}