{
    "index": 21,
    "params": {
        "min_benign_confidence": 0.1,
        "min_malicious_confidence": 1.0
    },
    "time": 120.9689269065857,
    "auc": 0.6102154670073893,
    "report": {
        "benign": {
            "precision": 0.5178449647647193,
            "recall": 0.999780557384244,
            "f1-score": 0.6822912766754025,
            "support": 4557.0
        },
        "malicious": {
            "precision": 0.9991680532445923,
            "recall": 0.22065037663053463,
            "f1-score": 0.36147479307750185,
            "support": 5443.0
        },
        "accuracy": 0.5757,
        "macro avg": {
            "precision": 0.7585065090046559,
            "recall": 0.6102154670073893,
            "f1-score": 0.5218830348764522,
            "support": 10000.0
        },
        "weighted avg": {
            "precision": 0.7798291218243142,
            "recall": 0.5757,
            "f1-score": 0.5076708646530651,
            "support": 10000.0
        }
    }
}