{
    "index": 22,
    "params": {
        "min_benign_confidence": 0.2,
        "min_malicious_confidence": 0.0
    },
    "time": 69.89040112495422,
    "auc": 0.6992186988169652,
    "report": {
        "benign": {
            "precision": 0.5824993584808827,
            "recall": 0.9962694755321484,
            "f1-score": 0.735163144684641,
            "support": 4557.0
        },
        "malicious": {
            "precision": 0.9922937443336355,
            "recall": 0.4021679221017821,
            "f1-score": 0.5723624003137665,
            "support": 5443.0
        },
        "accuracy": 0.6729,
        "macro avg": {
            "precision": 0.7873965514072592,
            "recall": 0.6992186988169653,
            "f1-score": 0.6537627724992037,
            "support": 10000.0
        },
        "weighted avg": {
            "precision": 0.805550442700536,
            "recall": 0.6729,
            "f1-score": 0.646550699523574,
            "support": 10000.0
        }
    }
}