{
    "index": 31,
    "params": {
        "min_benign_confidence": 0.2,
        "min_malicious_confidence": 0.9
    },
    "time": 115.66689896583557,
    "auc": 0.6999484674717142,
    "report": {
        "benign": {
            "precision": 0.5827356557377049,
            "recall": 0.9984639016897081,
            "f1-score": 0.7359482410028305,
            "support": 4557.0
        },
        "malicious": {
            "precision": 0.9968065693430657,
            "recall": 0.4014330332537204,
            "f1-score": 0.5723641126391618,
            "support": 5443.0
        },
        "accuracy": 0.6735,
        "macro avg": {
            "precision": 0.7897711125403852,
            "recall": 0.6999484674717142,
            "f1-score": 0.6541561768209961,
            "support": 10000.0
        },
        "weighted avg": {
            "precision": 0.8081144540131028,
            "recall": 0.6735,
            "f1-score": 0.6469093999344856,
            "support": 10000.0
        }
    }
}