{
    "index": 32,
    "params": {
        "min_benign_confidence": 0.2,
        "min_malicious_confidence": 1.0
    },
    "time": 169.5063030719757,
    "auc": 0.6999663276735845,
    "report": {
        "benign": {
            "precision": 0.5827144686299616,
            "recall": 0.9986833443054641,
            "f1-score": 0.7359909436403331,
            "support": 4557.0
        },
        "malicious": {
            "precision": 0.9972602739726028,
            "recall": 0.4012493110417049,
            "f1-score": 0.5722520634088825,
            "support": 5443.0
        },
        "accuracy": 0.6735,
        "macro avg": {
            "precision": 0.7899873713012822,
            "recall": 0.6999663276735846,
            "f1-score": 0.6541215035246077,
            "support": 10000.0
        },
        "weighted avg": {
            "precision": 0.8083517504779612,
            "recall": 0.6735,
            "f1-score": 0.6468678711303546,
            "support": 10000.0
        }
    }
}