{
    "index": 39,
    "params": {
        "min_benign_confidence": 0.3,
        "min_malicious_confidence": 0.6
    },
    "time": 69.66037082672119,
    "auc": 0.7837667576972531,
    "report": {
        "benign": {
            "precision": 0.6651785714285714,
            "recall": 0.9809084924292297,
            "f1-score": 0.7927640329874966,
            "support": 4557.0
        },
        "malicious": {
            "precision": 0.9734756097560976,
            "recall": 0.5866250229652765,
            "f1-score": 0.732087584546601,
            "support": 5443.0
        },
        "accuracy": 0.7663,
        "macro avg": {
            "precision": 0.8193270905923344,
            "recall": 0.7837667576972531,
            "f1-score": 0.7624258087670488,
            "support": 10000.0
        },
        "weighted avg": {
            "precision": 0.8329846493902437,
            "recall": 0.7663,
            "f1-score": 0.7597378421011172,
            "support": 10000.0
        }
    }
}