{
    "index": 41,
    "params": {
        "min_benign_confidence": 0.3,
        "min_malicious_confidence": 0.8
    },
    "time": 120.02739000320435,
    "auc": 0.7901101732556499,
    "report": {
        "benign": {
            "precision": 0.6677471636952999,
            "recall": 0.9945139346061005,
            "f1-score": 0.7990126939351199,
            "support": 4557.0
        },
        "malicious": {
            "precision": 0.9922191098661687,
            "recall": 0.5857064119051993,
            "f1-score": 0.7365988909426987,
            "support": 5443.0
        },
        "accuracy": 0.772,
        "macro avg": {
            "precision": 0.8299831367807342,
            "recall": 0.7901101732556499,
            "f1-score": 0.7678057924389092,
            "support": 10000.0
        },
        "weighted avg": {
            "precision": 0.8443572439961037,
            "recall": 0.772,
            "f1-score": 0.765040860966345,
            "support": 10000.0
        }
    }
}