{
    "index": 42,
    "params": {
        "min_benign_confidence": 0.3,
        "min_malicious_confidence": 0.9
    },
    "time": 168.80592894554138,
    "auc": 0.790949663218277,
    "report": {
        "benign": {
            "precision": 0.6678917965304322,
            "recall": 0.9969278033794163,
            "f1-score": 0.7998943568976142,
            "support": 4557.0
        },
        "malicious": {
            "precision": 0.9956222639149468,
            "recall": 0.5849715230571376,
            "f1-score": 0.7369517416965629,
            "support": 5443.0
        },
        "accuracy": 0.7727,
        "macro avg": {
            "precision": 0.8317570302226895,
            "recall": 0.790949663218277,
            "f1-score": 0.7684230492970885,
            "support": 10000.0
        },
        "weighted avg": {
            "precision": 0.8462754899278234,
            "recall": 0.7727,
            "f1-score": 0.765634691443682,
            "support": 10000.0
        }
    }
}