{
    "index": 43,
    "params": {
        "min_benign_confidence": 0.3,
        "min_malicious_confidence": 1.0
    },
    "time": 223.23213863372803,
    "auc": 0.7909675234201472,
    "report": {
        "benign": {
            "precision": 0.6678424456202234,
            "recall": 0.9971472459951722,
            "f1-score": 0.7999295836634099,
            "support": 4557.0
        },
        "malicious": {
            "precision": 0.9959324155193993,
            "recall": 0.5847878008451222,
            "f1-score": 0.7368908438476676,
            "support": 5443.0
        },
        "accuracy": 0.7727,
        "macro avg": {
            "precision": 0.8318874305698114,
            "recall": 0.7909675234201472,
            "f1-score": 0.7684102137555388,
            "support": 10000.0
        },
        "weighted avg": {
            "precision": 0.8464218162363448,
            "recall": 0.7727,
            "f1-score": 0.7656175975817013,
            "support": 10000.0
        }
    }
}