{
    "index": 48,
    "params": {
        "min_benign_confidence": 0.4,
        "min_malicious_confidence": 0.4
    },
    "time": 69.96646404266357,
    "auc": 0.8548827957513361,
    "report": {
        "benign": {
            "precision": 0.7676767676767676,
            "recall": 0.9506254114549045,
            "f1-score": 0.8494117647058823,
            "support": 4557.0
        },
        "malicious": {
            "precision": 0.9483589625889374,
            "recall": 0.7591401800477677,
            "f1-score": 0.843265306122449,
            "support": 5443.0
        },
        "accuracy": 0.8464,
        "macro avg": {
            "precision": 0.8580178651328525,
            "recall": 0.8548827957513361,
            "f1-score": 0.8463385354141657,
            "support": 10000.0
        },
        "weighted avg": {
            "precision": 0.8660220863674616,
            "recall": 0.8464,
            "f1-score": 0.8460662472989195,
            "support": 10000.0
        }
    }
}