{
    "index": 51,
    "params": {
        "min_benign_confidence": 0.4,
        "min_malicious_confidence": 0.7
    },
    "time": 120.2599983215332,
    "auc": 0.8682100945135274,
    "report": {
        "benign": {
            "precision": 0.7716658017644006,
            "recall": 0.9789335088874259,
            "f1-score": 0.8630295995356936,
            "support": 4557.0
        },
        "malicious": {
            "precision": 0.9772457928419057,
            "recall": 0.7574866801396288,
            "f1-score": 0.853446491409646,
            "support": 5443.0
        },
        "accuracy": 0.8584,
        "macro avg": {
            "precision": 0.8744557973031531,
            "recall": 0.8682100945135274,
            "f1-score": 0.8582380454726698,
            "support": 10000.0
        },
        "weighted avg": {
            "precision": 0.8835629909078865,
            "recall": 0.8584,
            "f1-score": 0.8578135137826859,
            "support": 10000.0
        }
    }
}