{
    "index": 52,
    "params": {
        "min_benign_confidence": 0.4,
        "min_malicious_confidence": 0.8
    },
    "time": 173.66809749603271,
    "auc": 0.8745535100719243,
    "report": {
        "benign": {
            "precision": 0.7734268125854993,
            "recall": 0.9925389510642967,
            "f1-score": 0.8693897164824603,
            "support": 4557.0
        },
        "malicious": {
            "precision": 0.9918111753371869,
            "recall": 0.7565680690795518,
            "f1-score": 0.8583637311099531,
            "support": 5443.0
        },
        "accuracy": 0.8641,
        "macro avg": {
            "precision": 0.8826189939613431,
            "recall": 0.8745535100719242,
            "f1-score": 0.8638767237962067,
            "support": 10000.0
        },
        "weighted avg": {
            "precision": 0.892293421231243,
            "recall": 0.8641,
            "f1-score": 0.8633882726442047,
            "support": 10000.0
        }
    }
}