{
    "index": 53,
    "params": {
        "min_benign_confidence": 0.4,
        "min_malicious_confidence": 0.9
    },
    "time": 222.34748697280884,
    "auc": 0.8753930000345511,
    "report": {
        "benign": {
            "precision": 0.7733242367388709,
            "recall": 0.9949528198376124,
            "f1-score": 0.8702495201535508,
            "support": 4557.0
        },
        "malicious": {
            "precision": 0.9944404157602127,
            "recall": 0.7558331802314899,
            "f1-score": 0.8588726513569938,
            "support": 5443.0
        },
        "accuracy": 0.8648,
        "macro avg": {
            "precision": 0.8838823262495418,
            "recall": 0.8753930000345511,
            "f1-score": 0.8645610857552724,
            "support": 10000.0
        },
        "weighted avg": {
            "precision": 0.8936777729801871,
            "recall": 0.8648,
            "f1-score": 0.8640570904675849,
            "support": 10000.0
        }
    }
}