{
    "index": 54,
    "params": {
        "min_benign_confidence": 0.4,
        "min_malicious_confidence": 1.0
    },
    "time": 276.7152225971222,
    "auc": 0.8754108602364216,
    "report": {
        "benign": {
            "precision": 0.773231031543052,
            "recall": 0.9951722624533684,
            "f1-score": 0.8702744194972174,
            "support": 4557.0
        },
        "malicious": {
            "precision": 0.9946795646916566,
            "recall": 0.7556494580194746,
            "f1-score": 0.8588431822927542,
            "support": 5443.0
        },
        "accuracy": 0.8648,
        "macro avg": {
            "precision": 0.8839552981173543,
            "recall": 0.8754108602364215,
            "f1-score": 0.8645588008949858,
            "support": 10000.0
        },
        "weighted avg": {
            "precision": 0.8937654681358376,
            "recall": 0.8648,
            "f1-score": 0.864052397086828,
            "support": 10000.0
        }
    }
}