{
    "index": 56,
    "params": {
        "min_benign_confidence": 0.5,
        "min_malicious_confidence": 0.1
    },
    "time": 69.84074783325195,
    "auc": 0.8782492817316221,
    "report": {
        "benign": {
            "precision": 0.8623753792804508,
            "recall": 0.8731621680930437,
            "f1-score": 0.8677352524261258,
            "support": 4557.0
        },
        "malicious": {
            "precision": 0.8926847382101746,
            "recall": 0.8833363953702003,
            "f1-score": 0.8879859636162157,
            "support": 5443.0
        },
        "accuracy": 0.8787,
        "macro avg": {
            "precision": 0.8775300587453128,
            "recall": 0.878249281731622,
            "f1-score": 0.8778606080211708,
            "support": 10000.0
        },
        "weighted avg": {
            "precision": 0.8788727633458995,
            "recall": 0.8787,
            "f1-score": 0.8787577145268917,
            "support": 10000.0
        }
    }
}