{
    "index": 6,
    "params": {
        "min_benign_confidence": 0.0,
        "min_malicious_confidence": 0.6
    },
    "time": 70.11618089675903,
    "auc": 0.5,
    "report": {
        "benign": {
            "precision": 0.4557,
            "recall": 1.0,
            "f1-score": 0.6260905406333722,
            "support": 4557.0
        },
        "malicious": {
            "precision": 0.0,
            "recall": 0.0,
            "f1-score": 0.0,
            "support": 5443.0
        },
        "accuracy": 0.4557,
        "macro avg": {
            "precision": 0.22785,
            "recall": 0.5,
            "f1-score": 0.3130452703166861,
            "support": 10000.0
        },
        "weighted avg": {
            "precision": 0.20766248999999998,
            "recall": 0.4557,
            "f1-score": 0.2853094593666277,
            "support": 10000.0
        }
    }
}