{
    "index": 61,
    "params": {
        "min_benign_confidence": 0.5,
        "min_malicious_confidence": 0.6
    },
    "time": 118.4240050315857,
    "auc": 0.9134494012619301,
    "report": {
        "benign": {
            "precision": 0.8705501618122977,
            "recall": 0.9444810182137371,
            "f1-score": 0.9060098936954005,
            "support": 4557.0
        },
        "malicious": {
            "precision": 0.9499604430379747,
            "recall": 0.8824177843101231,
            "f1-score": 0.9149442804076579,
            "support": 5443.0
        },
        "accuracy": 0.9107,
        "macro avg": {
            "precision": 0.9102553024251362,
            "recall": 0.9134494012619301,
            "f1-score": 0.9104770870515292,
            "support": 10000.0
        },
        "weighted avg": {
            "precision": 0.9137731778834337,
            "recall": 0.9107,
            "f1-score": 0.910872880382882,
            "support": 10000.0
        }
    }
}