{
    "index": 62,
    "params": {
        "min_benign_confidence": 0.5,
        "min_malicious_confidence": 0.7
    },
    "time": 171.9500231742859,
    "auc": 0.9285322409501692,
    "report": {
        "benign": {
            "precision": 0.872695174578266,
            "recall": 0.9763001974983542,
            "f1-score": 0.9215950284826515,
            "support": 4557.0
        },
        "malicious": {
            "precision": 0.97796817625459,
            "recall": 0.8807642844019842,
            "f1-score": 0.9268245529241179,
            "support": 5443.0
        },
        "accuracy": 0.9243,
        "macro avg": {
            "precision": 0.925331675416428,
            "recall": 0.9285322409501692,
            "f1-score": 0.9242097907033847,
            "support": 10000.0
        },
        "weighted avg": {
            "precision": 0.9299952693906891,
            "recall": 0.9243,
            "f1-score": 0.9244414586361418,
            "support": 10000.0
        }
    }
}