{
    "index": 63,
    "params": {
        "min_benign_confidence": 0.5,
        "min_malicious_confidence": 0.8
    },
    "time": 225.21425223350525,
    "auc": 0.9348756565085661,
    "report": {
        "benign": {
            "precision": 0.873378509196515,
            "recall": 0.9899056396752249,
            "f1-score": 0.9279983542480971,
            "support": 4557.0
        },
        "malicious": {
            "precision": 0.9904860392967942,
            "recall": 0.879845673341907,
            "f1-score": 0.9318933644677952,
            "support": 5443.0
        },
        "accuracy": 0.93,
        "macro avg": {
            "precision": 0.9319322742466547,
            "recall": 0.934875656508566,
            "f1-score": 0.9299458593579462,
            "support": 10000.0
        },
        "weighted avg": {
            "precision": 0.937120137830097,
            "recall": 0.93,
            "f1-score": 0.9301184083106787,
            "support": 10000.0
        }
    }
}