{
    "index": 64,
    "params": {
        "min_benign_confidence": 0.5,
        "min_malicious_confidence": 0.9
    },
    "time": 274.75141525268555,
    "auc": 0.9357151464711929,
    "report": {
        "benign": {
            "precision": 0.8729729729729729,
            "recall": 0.9923195084485407,
            "f1-score": 0.9288281811646297,
            "support": 4557.0
        },
        "malicious": {
            "precision": 0.9927385892116183,
            "recall": 0.8791107844938453,
            "f1-score": 0.932475884244373,
            "support": 5443.0
        },
        "accuracy": 0.9307,
        "macro avg": {
            "precision": 0.9328557810922956,
            "recall": 0.935715146471193,
            "f1-score": 0.9306520327045014,
            "support": 10000.0
        },
        "weighted avg": {
            "precision": 0.9381613978916677,
            "recall": 0.9307,
            "f1-score": 0.9308136259509342,
            "support": 10000.0
        }
    }
}