{
    "index": 65,
    "params": {
        "min_benign_confidence": 0.5,
        "min_malicious_confidence": 1.0
    },
    "time": 329.62186455726624,
    "auc": 0.9357330066730633,
    "report": {
        "benign": {
            "precision": 0.8728290235430336,
            "recall": 0.9925389510642967,
            "f1-score": 0.9288427970017455,
            "support": 4557.0
        },
        "malicious": {
            "precision": 0.9929431299294313,
            "recall": 0.8789270622818298,
            "f1-score": 0.9324627229314881,
            "support": 5443.0
        },
        "accuracy": 0.9307,
        "macro avg": {
            "precision": 0.9328860767362325,
            "recall": 0.9357330066730633,
            "f1-score": 0.9306527599666168,
            "support": 10000.0
        },
        "weighted avg": {
            "precision": 0.9382071316491499,
            "recall": 0.9307,
            "f1-score": 0.9308131226853046,
            "support": 10000.0
        }
    }
}