{
    "index": 69,
    "params": {
        "min_benign_confidence": 0.6,
        "min_malicious_confidence": 0.3
    },
    "time": 69.53688168525696,
    "auc": 0.8358821010580213,
    "report": {
        "benign": {
            "precision": 0.9312214611872146,
            "recall": 0.7160412552117621,
            "f1-score": 0.8095769755613448,
            "support": 4557.0
        },
        "malicious": {
            "precision": 0.8008004926108374,
            "recall": 0.9557229469042807,
            "f1-score": 0.8714297679872686,
            "support": 5443.0
        },
        "accuracy": 0.8465,
        "macro avg": {
            "precision": 0.8660109768990261,
            "recall": 0.8358821010580214,
            "f1-score": 0.8405033717743067,
            "support": 10000.0
        },
        "weighted avg": {
            "precision": 0.8602333279910925,
            "recall": 0.8465,
            "f1-score": 0.843243450478775,
            "support": 10000.0
        }
    }
}