{
    "index": 71,
    "params": {
        "min_benign_confidence": 0.6,
        "min_malicious_confidence": 0.5
    },
    "time": 121.9699764251709,
    "auc": 0.9080200208428152,
    "report": {
        "benign": {
            "precision": 0.9401627573001436,
            "recall": 0.8619705946894887,
            "f1-score": 0.8993703491700057,
            "support": 4557.0
        },
        "malicious": {
            "precision": 0.8919615252490553,
            "recall": 0.9540694469961418,
            "f1-score": 0.9219707057256991,
            "support": 5443.0
        },
        "accuracy": 0.9121,
        "macro avg": {
            "precision": 0.9160621412745995,
            "recall": 0.9080200208428153,
            "f1-score": 0.9106705274478524,
            "support": 10000.0
        },
        "weighted avg": {
            "precision": 0.9139268266947361,
            "recall": 0.9121,
            "f1-score": 0.9116717232432696,
            "support": 10000.0
        }
    }
}