{
    "index": 72,
    "params": {
        "min_benign_confidence": 0.6,
        "min_malicious_confidence": 0.6
    },
    "time": 174.33508229255676,
    "auc": 0.9468588037349673,
    "report": {
        "benign": {
            "precision": 0.9436495707682149,
            "recall": 0.9407504937458855,
            "f1-score": 0.9421978021978022,
            "support": 4557.0
        },
        "malicious": {
            "precision": 0.9505222649807586,
            "recall": 0.9529671137240492,
            "f1-score": 0.951743119266055,
            "support": 5443.0
        },
        "accuracy": 0.9474,
        "macro avg": {
            "precision": 0.9470859178744868,
            "recall": 0.9468588037349673,
            "f1-score": 0.9469704607319287,
            "support": 10000.0
        },
        "weighted avg": {
            "precision": 0.9473903782281025,
            "recall": 0.9474,
            "f1-score": 0.9473933182780522,
            "support": 10000.0
        }
    }
}