{
    "index": 73,
    "params": {
        "min_benign_confidence": 0.6,
        "min_malicious_confidence": 0.7
    },
    "time": 227.6948528289795,
    "auc": 0.9619416434232064,
    "report": {
        "benign": {
            "precision": 0.9435810091547796,
            "recall": 0.9725696730305026,
            "f1-score": 0.9578560622433542,
            "support": 4557.0
        },
        "malicious": {
            "precision": 0.9764284367339242,
            "recall": 0.9513136138159104,
            "f1-score": 0.9637074260189838,
            "support": 5443.0
        },
        "accuracy": 0.961,
        "macro avg": {
            "precision": 0.9600047229443519,
            "recall": 0.9619416434232064,
            "f1-score": 0.960781744131169,
            "support": 10000.0
        },
        "weighted avg": {
            "precision": 0.961459863986108,
            "recall": 0.961,
            "f1-score": 0.9610409595464294,
            "support": 10000.0
        }
    }
}