{
    "index": 74,
    "params": {
        "min_benign_confidence": 0.6,
        "min_malicious_confidence": 0.8
    },
    "time": 281.69352865219116,
    "auc": 0.9682850589816032,
    "report": {
        "benign": {
            "precision": 0.9433249370277078,
            "recall": 0.9861751152073732,
            "f1-score": 0.964274219504345,
            "support": 4557.0
        },
        "malicious": {
            "precision": 0.9879679144385026,
            "recall": 0.9503950027558332,
            "f1-score": 0.9688173049911041,
            "support": 5443.0
        },
        "accuracy": 0.9667,
        "macro avg": {
            "precision": 0.9656464257331052,
            "recall": 0.9682850589816032,
            "f1-score": 0.9665457622477245,
            "support": 10000.0
        },
        "weighted avg": {
            "precision": 0.9676241096324033,
            "recall": 0.9667,
            "f1-score": 0.966747020934788,
            "support": 10000.0
        }
    }
}