{
    "index": 75,
    "params": {
        "min_benign_confidence": 0.6,
        "min_malicious_confidence": 0.9
    },
    "time": 330.49662828445435,
    "auc": 0.9691245489442303,
    "report": {
        "benign": {
            "precision": 0.9426658296714794,
            "recall": 0.9885889839806891,
            "f1-score": 0.9650814053127678,
            "support": 4557.0
        },
        "malicious": {
            "precision": 0.990040222179659,
            "recall": 0.9496601139077715,
            "f1-score": 0.969429857464366,
            "support": 5443.0
        },
        "accuracy": 0.9674,
        "macro avg": {
            "precision": 0.9663530259255693,
            "recall": 0.9691245489442303,
            "f1-score": 0.967255631388567,
            "support": 10000.0
        },
        "weighted avg": {
            "precision": 0.9684517115136816,
            "recall": 0.9674,
            "f1-score": 0.9674482678188826,
            "support": 10000.0
        }
    }
}