{
    "index": 76,
    "params": {
        "min_benign_confidence": 0.6,
        "min_malicious_confidence": 1.0
    },
    "time": 385.18500447273254,
    "auc": 0.9691424091461006,
    "report": {
        "benign": {
            "precision": 0.9424806525831416,
            "recall": 0.9888084265964451,
            "f1-score": 0.9650888841293639,
            "support": 4557.0
        },
        "malicious": {
            "precision": 0.990228013029316,
            "recall": 0.949476391695756,
            "f1-score": 0.9694241230538361,
            "support": 5443.0
        },
        "accuracy": 0.9674,
        "macro avg": {
            "precision": 0.9663543328062287,
            "recall": 0.9691424091461005,
            "f1-score": 0.9672565035916,
            "support": 10000.0
        },
        "weighted avg": {
            "precision": 0.9684695408739943,
            "recall": 0.9674,
            "f1-score": 0.967448554675954,
            "support": 10000.0
        }
    }
}