{
    "index": 78,
    "params": {
        "min_benign_confidence": 0.7,
        "min_malicious_confidence": 0.1
    },
    "time": 69.96872520446777,
    "auc": 0.7313944975499874,
    "report": {
        "benign": {
            "precision": 0.9725348941918055,
            "recall": 0.4739960500329164,
            "f1-score": 0.637356152257303,
            "support": 4557.0
        },
        "malicious": {
            "precision": 0.6918627072888546,
            "recall": 0.9887929450670586,
            "f1-score": 0.8140977159279988,
            "support": 5443.0
        },
        "accuracy": 0.7542,
        "macro avg": {
            "precision": 0.83219880074033,
            "recall": 0.7313944975499875,
            "f1-score": 0.7257269340926509,
            "support": 10000.0
        },
        "weighted avg": {
            "precision": 0.8197650228605293,
            "recall": 0.7542,
            "f1-score": 0.7335565853632627,
            "support": 10000.0
        }
    }
}