{
    "index": 81,
    "params": {
        "min_benign_confidence": 0.7,
        "min_malicious_confidence": 0.4
    },
    "time": 129.90240478515625,
    "auc": 0.8447850690002491,
    "report": {
        "benign": {
            "precision": 0.9768433881779403,
            "recall": 0.7035330261136713,
            "f1-score": 0.8179614746778926,
            "support": 4557.0
        },
        "malicious": {
            "precision": 0.7988984816909794,
            "recall": 0.9860371118868271,
            "f1-score": 0.8826576761779459,
            "support": 5443.0
        },
        "accuracy": 0.8573,
        "macro avg": {
            "precision": 0.8878709349344598,
            "recall": 0.8447850690002492,
            "f1-score": 0.8503095754279193,
            "support": 10000.0
        },
        "weighted avg": {
            "precision": 0.8799879755770875,
            "recall": 0.8573,
            "f1-score": 0.8531756171543717,
            "support": 10000.0
        }
    }
}