{
    "index": 82,
    "params": {
        "min_benign_confidence": 0.7,
        "min_malicious_confidence": 0.5
    },
    "time": 184.50130939483643,
    "auc": 0.9221896115631865,
    "report": {
        "benign": {
            "precision": 0.9787712287712288,
            "recall": 0.8599956111476849,
            "f1-score": 0.9155472491531363,
            "support": 4557.0
        },
        "malicious": {
            "precision": 0.8935957304869914,
            "recall": 0.9843836119786882,
            "f1-score": 0.9367951744033569,
            "support": 5443.0
        },
        "accuracy": 0.9277,
        "macro avg": {
            "precision": 0.9361834796291101,
            "recall": 0.9221896115631865,
            "f1-score": 0.9261712117782466,
            "support": 10000.0
        },
        "weighted avg": {
            "precision": 0.9324102050551184,
            "recall": 0.9277,
            "f1-score": 0.9271124948668316,
            "support": 10000.0
        }
    }
}