{
    "index": 83,
    "params": {
        "min_benign_confidence": 0.7,
        "min_malicious_confidence": 0.6
    },
    "time": 236.76176714897156,
    "auc": 0.9610283944553386,
    "report": {
        "benign": {
            "precision": 0.9791714351110093,
            "recall": 0.9387755102040817,
            "f1-score": 0.9585480618418104,
            "support": 4557.0
        },
        "malicious": {
            "precision": 0.9504528502930207,
            "recall": 0.9832812787065957,
            "f1-score": 0.9665884052736139,
            "support": 5443.0
        },
        "accuracy": 0.963,
        "macro avg": {
            "precision": 0.9648121427020151,
            "recall": 0.9610283944553386,
            "f1-score": 0.9625682335577121,
            "support": 10000.0
        },
        "weighted avg": {
            "precision": 0.963539909394578,
            "recall": 0.963,
            "f1-score": 0.9629244207717409,
            "support": 10000.0
        }
    }
}