{
    "index": 84,
    "params": {
        "min_benign_confidence": 0.7,
        "min_malicious_confidence": 0.7
    },
    "time": 291.8503837585449,
    "auc": 0.9761112341435778,
    "report": {
        "benign": {
            "precision": 0.97789078045545,
            "recall": 0.9705946894886988,
            "f1-score": 0.9742290748898679,
            "support": 4557.0
        },
        "malicious": {
            "precision": 0.9755340514880408,
            "recall": 0.9816277787984568,
            "f1-score": 0.9785714285714285,
            "support": 5443.0
        },
        "accuracy": 0.9766,
        "macro avg": {
            "precision": 0.9767124159717454,
            "recall": 0.9761112341435778,
            "f1-score": 0.9764002517306483,
            "support": 10000.0
        },
        "weighted avg": {
            "precision": 0.9766080128784892,
            "recall": 0.9766,
            "f1-score": 0.9765926179987415,
            "support": 10000.0
        }
    }
}