{
    "index": 85,
    "params": {
        "min_benign_confidence": 0.7,
        "min_malicious_confidence": 0.8
    },
    "time": 344.15941166877747,
    "auc": 0.9824546497019745,
    "report": {
        "benign": {
            "precision": 0.9771241830065359,
            "recall": 0.9842001316655694,
            "f1-score": 0.9806493932436865,
            "support": 4557.0
        },
        "malicious": {
            "precision": 0.9866913123844732,
            "recall": 0.9807091677383796,
            "f1-score": 0.9836911453054455,
            "support": 5443.0
        },
        "accuracy": 0.9823,
        "macro avg": {
            "precision": 0.9819077476955045,
            "recall": 0.9824546497019745,
            "f1-score": 0.982170269274566,
            "support": 10000.0
        },
        "weighted avg": {
            "precision": 0.9823315715269472,
            "recall": 0.9823,
            "f1-score": 0.9823050188909019,
            "support": 10000.0
        }
    }
}