{
    "index": 86,
    "params": {
        "min_benign_confidence": 0.7,
        "min_malicious_confidence": 0.9
    },
    "time": 393.128794670105,
    "auc": 0.9832941396646016,
    "report": {
        "benign": {
            "precision": 0.9763300760043431,
            "recall": 0.9866140004388853,
            "f1-score": 0.9814450993232918,
            "support": 4557.0
        },
        "malicious": {
            "precision": 0.988693234476367,
            "recall": 0.9799742788903179,
            "f1-score": 0.9843144491603617,
            "support": 5443.0
        },
        "accuracy": 0.983,
        "macro avg": {
            "precision": 0.982511655240355,
            "recall": 0.9832941396646016,
            "f1-score": 0.9828797742418267,
            "support": 10000.0
        },
        "weighted avg": {
            "precision": 0.9830593431606656,
            "recall": 0.983,
            "f1-score": 0.983006886439609,
            "support": 10000.0
        }
    }
}