{
    "index": 87,
    "params": {
        "min_benign_confidence": 0.7,
        "min_malicious_confidence": 1.0
    },
    "time": 447.65075302124023,
    "auc": 0.9833119998664718,
    "report": {
        "benign": {
            "precision": 0.9761232906446712,
            "recall": 0.9868334430546412,
            "f1-score": 0.9814491488432999,
            "support": 4557.0
        },
        "malicious": {
            "precision": 0.988874466901539,
            "recall": 0.9797905566783024,
            "f1-score": 0.984311554078996,
            "support": 5443.0
        },
        "accuracy": 0.983,
        "macro avg": {
            "precision": 0.982498878773105,
            "recall": 0.9833119998664718,
            "f1-score": 0.9828803514611479,
            "support": 10000.0
        },
        "weighted avg": {
            "precision": 0.9830637558812843,
            "recall": 0.983,
            "f1-score": 0.9830071560130893,
            "support": 10000.0
        }
    }
}