{
    "index": 90,
    "params": {
        "min_benign_confidence": 0.8,
        "min_malicious_confidence": 0.2
    },
    "time": 69.6294960975647,
    "auc": 0.6144367640200872,
    "report": {
        "benign": {
            "precision": 0.9943074003795066,
            "recall": 0.22997586131226685,
            "f1-score": 0.37355195152379256,
            "support": 4557.0
        },
        "malicious": {
            "precision": 0.6077576570534317,
            "recall": 0.9988976667279074,
            "f1-score": 0.7557161720758913,
            "support": 5443.0
        },
        "accuracy": 0.6485,
        "macro avg": {
            "precision": 0.8010325287164691,
            "recall": 0.6144367640200871,
            "f1-score": 0.5646340617998419,
            "support": 10000.0
        },
        "weighted avg": {
            "precision": 0.7839083750871241,
            "recall": 0.6485,
            "f1-score": 0.5815639367702999,
            "support": 10000.0
        }
    }
}