{
    "index": 91,
    "params": {
        "min_benign_confidence": 0.8,
        "min_malicious_confidence": 0.3
    },
    "time": 124.01594924926758,
    "auc": 0.7301366031290992,
    "report": {
        "benign": {
            "precision": 0.9957426679280984,
            "recall": 0.4619267061663375,
            "f1-score": 0.631089791635437,
            "support": 4557.0
        },
        "malicious": {
            "precision": 0.6890692366218615,
            "recall": 0.9983465000918611,
            "f1-score": 0.8153649936229275,
            "support": 5443.0
        },
        "accuracy": 0.7539,
        "macro avg": {
            "precision": 0.8424059522749799,
            "recall": 0.7301366031290993,
            "f1-score": 0.7232273926291822,
            "support": 10000.0
        },
        "weighted avg": {
            "precision": 0.8288203192681136,
            "recall": 0.7539,
            "f1-score": 0.7313907840772281,
            "support": 10000.0
        }
    }
}