{
    "index": 92,
    "params": {
        "min_benign_confidence": 0.8,
        "min_malicious_confidence": 0.4
    },
    "time": 186.78235530853271,
    "auc": 0.8492326825890165,
    "report": {
        "benign": {
            "precision": 0.9925627517818407,
            "recall": 0.7028746982664034,
            "f1-score": 0.8229701952723536,
            "support": 4557.0
        },
        "malicious": {
            "precision": 0.8000885870367637,
            "recall": 0.9955906669116296,
            "f1-score": 0.8871971185330714,
            "support": 5443.0
        },
        "accuracy": 0.8622,
        "macro avg": {
            "precision": 0.8963256694093023,
            "recall": 0.8492326825890164,
            "f1-score": 0.8550836569027125,
            "support": 10000.0
        },
        "weighted avg": {
            "precision": 0.8877990639110953,
            "recall": 0.8622,
            "f1-score": 0.8579289096031624,
            "support": 10000.0
        }
    }
}