{
    "index": 93,
    "params": {
        "min_benign_confidence": 0.8,
        "min_malicious_confidence": 0.5
    },
    "time": 241.5766863822937,
    "auc": 0.9266372251519539,
    "report": {
        "benign": {
            "precision": 0.9916434540389972,
            "recall": 0.8593372833004169,
            "f1-score": 0.9207618151892781,
            "support": 4557.0
        },
        "malicious": {
            "precision": 0.8940670963477111,
            "recall": 0.9939371670034908,
            "f1-score": 0.9413607099356186,
            "support": 5443.0
        },
        "accuracy": 0.9326,
        "macro avg": {
            "precision": 0.9428552751933541,
            "recall": 0.9266372251519539,
            "f1-score": 0.9310612625624484,
            "support": 10000.0
        },
        "weighted avg": {
            "precision": 0.9385326425476301,
            "recall": 0.9326,
            "f1-score": 0.9319737935997113,
            "support": 10000.0
        }
    }
}