{
    "index": 94,
    "params": {
        "min_benign_confidence": 0.8,
        "min_malicious_confidence": 0.6
    },
    "time": 293.9728000164032,
    "auc": 0.965476008044106,
    "report": {
        "benign": {
            "precision": 0.9909596662030598,
            "recall": 0.9381171823568137,
            "f1-score": 0.9638146770375381,
            "support": 4557.0
        },
        "malicious": {
            "precision": 0.9504045022863172,
            "recall": 0.9928348337313981,
            "f1-score": 0.9711564381346033,
            "support": 5443.0
        },
        "accuracy": 0.9679,
        "macro avg": {
            "precision": 0.9706820842446885,
            "recall": 0.9654760080441059,
            "f1-score": 0.9674855575860707,
            "support": 10000.0
        },
        "weighted avg": {
            "precision": 0.968885490483177,
            "recall": 0.9679,
            "f1-score": 0.9678107976026705,
            "support": 10000.0
        }
    }
}