{
    "index": 95,
    "params": {
        "min_benign_confidence": 0.8,
        "min_malicious_confidence": 0.7
    },
    "time": 347.3262195587158,
    "auc": 0.980558847732345,
    "report": {
        "benign": {
            "precision": 0.9892569382273948,
            "recall": 0.9699363616414307,
            "f1-score": 0.9795013850415513,
            "support": 4557.0
        },
        "malicious": {
            "precision": 0.975234996384671,
            "recall": 0.9911813338232592,
            "f1-score": 0.9831435079726651,
            "support": 5443.0
        },
        "accuracy": 0.9815,
        "macro avg": {
            "precision": 0.9822459673060329,
            "recall": 0.980558847732345,
            "f1-score": 0.9813224465071082,
            "support": 10000.0
        },
        "weighted avg": {
            "precision": 0.9816247952824002,
            "recall": 0.9815,
            "f1-score": 0.9814837925529566,
            "support": 10000.0
        }
    }
}