{
    "index": 96,
    "params": {
        "min_benign_confidence": 0.8,
        "min_malicious_confidence": 0.8
    },
    "time": 401.4506027698517,
    "auc": 0.9869022632907418,
    "report": {
        "benign": {
            "precision": 0.9883131201764057,
            "recall": 0.9835418038183015,
            "f1-score": 0.9859216893972723,
            "support": 4557.0
        },
        "malicious": {
            "precision": 0.9862763037511436,
            "recall": 0.9902627227631821,
            "f1-score": 0.9882654932159882,
            "support": 5443.0
        },
        "accuracy": 0.9872,
        "macro avg": {
            "precision": 0.9872947119637747,
            "recall": 0.9869022632907418,
            "f1-score": 0.9870935913066303,
            "support": 10000.0
        },
        "weighted avg": {
            "precision": 0.9872044809961357,
            "recall": 0.9872,
            "f1-score": 0.9871974218157993,
            "support": 10000.0
        }
    }
}