{
    "index": 97,
    "params": {
        "min_benign_confidence": 0.8,
        "min_malicious_confidence": 0.9
    },
    "time": 450.27667927742004,
    "auc": 0.9877417532533688,
    "report": {
        "benign": {
            "precision": 0.9874725274725275,
            "recall": 0.9859556725916173,
            "f1-score": 0.9867135170747776,
            "support": 4557.0
        },
        "malicious": {
            "precision": 0.9882568807339449,
            "recall": 0.9895278339151203,
            "f1-score": 0.9888919489580464,
            "support": 5443.0
        },
        "accuracy": 0.9879,
        "macro avg": {
            "precision": 0.9878647041032362,
            "recall": 0.9877417532533688,
            "f1-score": 0.9878027330164121,
            "support": 10000.0
        },
        "weighted avg": {
            "precision": 0.9878994509527169,
            "recall": 0.9879,
            "f1-score": 0.9878992375488408,
            "support": 10000.0
        }
    }
}