{
    "index": 98,
    "params": {
        "min_benign_confidence": 0.8,
        "min_malicious_confidence": 1.0
    },
    "time": 505.2238929271698,
    "auc": 0.9877596134552391,
    "report": {
        "benign": {
            "precision": 0.9872583479789103,
            "recall": 0.9861751152073732,
            "f1-score": 0.9867164342957515,
            "support": 4557.0
        },
        "malicious": {
            "precision": 0.9884361233480177,
            "recall": 0.9893441117031049,
            "f1-score": 0.9888899090992562,
            "support": 5443.0
        },
        "accuracy": 0.9879,
        "macro avg": {
            "precision": 0.987847235663464,
            "recall": 0.9877596134552391,
            "f1-score": 0.9878031716975039,
            "support": 10000.0
        },
        "weighted avg": {
            "precision": 0.9878994111123153,
            "recall": 0.9879,
            "f1-score": 0.9878994566312991,
            "support": 10000.0
        }
    }
}