{
    "index": 0,
    "params": {
        "n_estimators": 50,
        "max_depth": null,
        "min_samples_split": 2,
        "min_samples_leaf": 1
    },
    "auc": 0.7279796684440879,
    "report": {
        "benign": {
            "precision": 0.8584727654416634,
            "recall": 0.9652677279305355,
            "f1-score": 0.9087433862433862,
            "support": 71173.0
        },
        "malicious": {
            "precision": 0.8153018529587567,
            "recall": 0.4906916089576401,
            "f1-score": 0.6126551007804166,
            "support": 22238.0
        },
        "accuracy": 0.8522872038625001,
        "macro avg": {
            "precision": 0.83688730920021,
            "recall": 0.7279796684440878,
            "f1-score": 0.7606992435119014,
            "support": 93411.0
        },
        "weighted avg": {
            "precision": 0.8481952311920045,
            "recall": 0.8522872038625001,
            "f1-score": 0.8382547789902199,
            "support": 93411.0
        }
    }
}