{
    "index": 1,
    "params": {
        "n_estimators": 50,
        "max_depth": null,
        "min_samples_split": 2,
        "min_samples_leaf": 2
    },
    "auc": 0.7257452070424067,
    "report": {
        "benign": {
            "precision": 0.857254999688493,
            "recall": 0.966644654574066,
            "f1-score": 0.9086694666772327,
            "support": 71173.0
        },
        "malicious": {
            "precision": 0.8195500152021891,
            "recall": 0.4848457595107474,
            "f1-score": 0.6092558060688252,
            "support": 22238.0
        },
        "accuracy": 0.8519446317885474,
        "macro avg": {
            "precision": 0.838402507445341,
            "recall": 0.7257452070424066,
            "f1-score": 0.758962636373029,
            "support": 93411.0
        },
        "weighted avg": {
            "precision": 0.8482787180406525,
            "recall": 0.8519446317885474,
            "f1-score": 0.8373892000639883,
            "support": 93411.0
        }
    }
}