{
    "index": 10,
    "params": {
        "n_estimators": 50,
        "max_depth": 10,
        "min_samples_split": 2,
        "min_samples_leaf": 2
    },
    "auc": 0.5784233242590193,
    "report": {
        "benign": {
            "precision": 0.7916461696704084,
            "recall": 0.9948716507664424,
            "f1-score": 0.88169994458868,
            "support": 71173.0
        },
        "malicious": {
            "precision": 0.9079909251323418,
            "recall": 0.16197499775159638,
            "f1-score": 0.27490936844113717,
            "support": 22238.0
        },
        "accuracy": 0.7965871257132457,
        "macro avg": {
            "precision": 0.8498185474013751,
            "recall": 0.5784233242590193,
            "f1-score": 0.5783046565149086,
            "support": 93411.0
        },
        "weighted avg": {
            "precision": 0.8193439212410206,
            "recall": 0.7965871257132457,
            "f1-score": 0.7372436296753501,
            "support": 93411.0
        }
    }
}