{
    "index": 11,
    "params": {
        "n_estimators": 50,
        "max_depth": 10,
        "min_samples_split": 2,
        "min_samples_leaf": 4
    },
    "auc": 0.5760694715597977,
    "report": {
        "benign": {
            "precision": 0.7907000100431857,
            "recall": 0.9955601140882077,
            "f1-score": 0.8813827074496535,
            "support": 71173.0
        },
        "malicious": {
            "precision": 0.9167983149025803,
            "recall": 0.15657882903138773,
            "f1-score": 0.2674758027346751,
            "support": 22238.0
        },
        "accuracy": 0.7958270439241631,
        "macro avg": {
            "precision": 0.853749162472883,
            "recall": 0.5760694715597977,
            "f1-score": 0.5744292550921644,
            "support": 93411.0
        },
        "weighted avg": {
            "precision": 0.8207197518665599,
            "recall": 0.7958270439241631,
            "f1-score": 0.7352322353740768,
            "support": 93411.0
        }
    }
}