{
    "index": 12,
    "params": {
        "n_estimators": 50,
        "max_depth": 10,
        "min_samples_split": 5,
        "min_samples_leaf": 1
    },
    "auc": 0.5778345314354438,
    "report": {
        "benign": {
            "precision": 0.7914174891852316,
            "recall": 0.994773298863333,
            "f1-score": 0.881519479064208,
            "support": 71173.0
        },
        "malicious": {
            "precision": 0.9058227848101266,
            "recall": 0.16089576400755465,
            "f1-score": 0.27325492592026884,
            "support": 22238.0
        },
        "accuracy": 0.796255259016604,
        "macro avg": {
            "precision": 0.8486201369976791,
            "recall": 0.5778345314354438,
            "f1-score": 0.5773872024922384,
            "support": 93411.0
        },
        "weighted avg": {
            "precision": 0.8186535209599306,
            "recall": 0.796255259016604,
            "f1-score": 0.7367122600769911,
            "support": 93411.0
        }
    }
}