{
    "index": 13,
    "params": {
        "n_estimators": 50,
        "max_depth": 10,
        "min_samples_split": 5,
        "min_samples_leaf": 2
    },
    "auc": 0.5789320233302445,
    "report": {
        "benign": {
            "precision": 0.7918455895509036,
            "recall": 0.9948997513101878,
            "f1-score": 0.8818346544455998,
            "support": 71173.0
        },
        "malicious": {
            "precision": 0.90895410082769,
            "recall": 0.1629642953503013,
            "f1-score": 0.2763775023832221,
            "support": 22238.0
        },
        "accuracy": 0.7968440547687103,
        "macro avg": {
            "precision": 0.8503998451892968,
            "recall": 0.5789320233302445,
            "f1-score": 0.579106078414411,
            "support": 93411.0
        },
        "weighted avg": {
            "precision": 0.8197251655513015,
            "recall": 0.7968440547687103,
            "f1-score": 0.7376957827114019,
            "support": 93411.0
        }
    }
}