{
    "index": 15,
    "params": {
        "n_estimators": 50,
        "max_depth": 10,
        "min_samples_split": 10,
        "min_samples_leaf": 1
    },
    "auc": 0.5769154491827249,
    "report": {
        "benign": {
            "precision": 0.7910381098071619,
            "recall": 0.9953634102819889,
            "f1-score": 0.881515585142786,
            "support": 71173.0
        },
        "malicious": {
            "precision": 0.9143746756616502,
            "recall": 0.15846748808346076,
            "f1-score": 0.27012110991874905,
            "support": 22238.0
        },
        "accuracy": 0.7961267944888718,
        "macro avg": {
            "precision": 0.8527063927344061,
            "recall": 0.5769154491827249,
            "f1-score": 0.5758183475307675,
            "support": 93411.0
        },
        "weighted avg": {
            "precision": 0.8204003749737067,
            "recall": 0.7961267944888718,
            "f1-score": 0.7359632375602515,
            "support": 93411.0
        }
    }
}