{
    "index": 16,
    "params": {
        "n_estimators": 50,
        "max_depth": 10,
        "min_samples_split": 10,
        "min_samples_leaf": 2
    },
    "auc": 0.5785020273895335,
    "report": {
        "benign": {
            "precision": 0.791680644079168,
            "recall": 0.9947592485914603,
            "f1-score": 0.8816771791311495,
            "support": 71173.0
        },
        "malicious": {
            "precision": 0.9063049485054007,
            "recall": 0.1622448061876068,
            "f1-score": 0.27522026011670925,
            "support": 22238.0
        },
        "accuracy": 0.7965657149586237,
        "macro avg": {
            "precision": 0.8489927962922843,
            "recall": 0.5785020273895335,
            "f1-score": 0.5784487196239294,
            "support": 93411.0
        },
        "weighted avg": {
            "precision": 0.8189688144427287,
            "recall": 0.7965657149586237,
            "f1-score": 0.7373002966971415,
            "support": 93411.0
        }
    }
}