{
    "index": 17,
    "params": {
        "n_estimators": 50,
        "max_depth": 10,
        "min_samples_split": 10,
        "min_samples_leaf": 4
    },
    "auc": 0.5777136234692445,
    "report": {
        "benign": {
            "precision": 0.7913483447259081,
            "recall": 0.995475812456971,
            "f1-score": 0.8817522790205656,
            "support": 71173.0
        },
        "malicious": {
            "precision": 0.916988914668729,
            "recall": 0.15995143448151813,
            "f1-score": 0.2723896312746487,
            "support": 22238.0
        },
        "accuracy": 0.7965657149586237,
        "macro avg": {
            "precision": 0.8541686296973185,
            "recall": 0.5777136234692446,
            "f1-score": 0.5770709551476072,
            "support": 93411.0
        },
        "weighted avg": {
            "precision": 0.8212591153459471,
            "recall": 0.7965657149586237,
            "f1-score": 0.7366836408454717,
            "support": 93411.0
        }
    }
}