{
    "index": 18,
    "params": {
        "n_estimators": 50,
        "max_depth": 20,
        "min_samples_split": 2,
        "min_samples_leaf": 1
    },
    "auc": 0.6986879373672316,
    "report": {
        "benign": {
            "precision": 0.8439536611808847,
            "recall": 0.9734168856167367,
            "f1-score": 0.9040740160768348,
            "support": 71173.0
        },
        "malicious": {
            "precision": 0.8328621908127208,
            "recall": 0.4239589891177264,
            "f1-score": 0.5618928422432803,
            "support": 22238.0
        },
        "accuracy": 0.842609542773335,
        "macro avg": {
            "precision": 0.8384079259968027,
            "recall": 0.6986879373672316,
            "f1-score": 0.7329834291600575,
            "support": 93411.0
        },
        "weighted avg": {
            "precision": 0.841313157192626,
            "recall": 0.842609542773335,
            "f1-score": 0.8226122509345005,
            "support": 93411.0
        }
    }
}