{
    "index": 19,
    "params": {
        "n_estimators": 50,
        "max_depth": 20,
        "min_samples_split": 2,
        "min_samples_leaf": 2
    },
    "auc": 0.6989759499339342,
    "report": {
        "benign": {
            "precision": 0.8440105656518934,
            "recall": 0.9742177511134841,
            "f1-score": 0.9044519520498806,
            "support": 71173.0
        },
        "malicious": {
            "precision": 0.8370047965890922,
            "recall": 0.42373414875438437,
            "f1-score": 0.5626343443993312,
            "support": 22238.0
        },
        "accuracy": 0.8431662223935082,
        "macro avg": {
            "precision": 0.8405076811204928,
            "recall": 0.6989759499339342,
            "f1-score": 0.733543148224606,
            "support": 93411.0
        },
        "weighted avg": {
            "precision": 0.8423427289686487,
            "recall": 0.8431662223935082,
            "f1-score": 0.8230767397201452,
            "support": 93411.0
        }
    }
}