{
    "index": 21,
    "params": {
        "n_estimators": 50,
        "max_depth": 20,
        "min_samples_split": 5,
        "min_samples_leaf": 1
    },
    "auc": 0.7003460315084177,
    "report": {
        "benign": {
            "precision": 0.8445908105870608,
            "recall": 0.9747095106290307,
            "f1-score": 0.9049970321764257,
            "support": 71173.0
        },
        "malicious": {
            "precision": 0.8403264437150714,
            "recall": 0.42598255238780464,
            "f1-score": 0.5653665960430904,
            "support": 22238.0
        },
        "accuracy": 0.8440761794649453,
        "macro avg": {
            "precision": 0.8424586271510661,
            "recall": 0.7003460315084177,
            "f1-score": 0.735181814109758,
            "support": 93411.0
        },
        "weighted avg": {
            "precision": 0.8435756090529877,
            "recall": 0.8440761794649453,
            "f1-score": 0.8241425114162035,
            "support": 93411.0
        }
    }
}