{
    "index": 22,
    "params": {
        "n_estimators": 50,
        "max_depth": 20,
        "min_samples_split": 5,
        "min_samples_leaf": 2
    },
    "auc": 0.6961302476857213,
    "report": {
        "benign": {
            "precision": 0.8426363272095875,
            "recall": 0.975046717153977,
            "f1-score": 0.9040187585488179,
            "support": 71173.0
        },
        "malicious": {
            "precision": 0.8393341776732405,
            "recall": 0.4172137782174656,
            "f1-score": 0.5573711402138652,
            "support": 22238.0
        },
        "accuracy": 0.8422455599447602,
        "macro avg": {
            "precision": 0.840985252441414,
            "recall": 0.6961302476857213,
            "f1-score": 0.7306949493813415,
            "support": 93411.0
        },
        "weighted avg": {
            "precision": 0.841850197081559,
            "recall": 0.8422455599447602,
            "f1-score": 0.8214936840229838,
            "support": 93411.0
        }
    }
}