{
    "index": 23,
    "params": {
        "n_estimators": 50,
        "max_depth": 20,
        "min_samples_split": 5,
        "min_samples_leaf": 4
    },
    "auc": 0.694044776787296,
    "report": {
        "benign": {
            "precision": 0.8416021517101007,
            "recall": 0.9760021356413247,
            "f1-score": 0.9038331425002603,
            "support": 71173.0
        },
        "malicious": {
            "precision": 0.8428991905813098,
            "recall": 0.41208741793326736,
            "f1-score": 0.5535487768045908,
            "support": 22238.0
        },
        "accuracy": 0.8417531125884532,
        "macro avg": {
            "precision": 0.8422506711457052,
            "recall": 0.694044776787296,
            "f1-score": 0.7286909596524256,
            "support": 93411.0
        },
        "weighted avg": {
            "precision": 0.8419109328003143,
            "recall": 0.8417531125884532,
            "f1-score": 0.8204422814202986,
            "support": 93411.0
        }
    }
}