{
    "index": 24,
    "params": {
        "n_estimators": 50,
        "max_depth": 20,
        "min_samples_split": 10,
        "min_samples_leaf": 1
    },
    "auc": 0.6961414987072329,
    "report": {
        "benign": {
            "precision": 0.842651737789328,
            "recall": 0.9749343149789949,
            "f1-score": 0.9039793120069829,
            "support": 71173.0
        },
        "malicious": {
            "precision": 0.838770899231812,
            "recall": 0.4173486824354708,
            "f1-score": 0.5573672041557818,
            "support": 22238.0
        },
        "accuracy": 0.8421920330582051,
        "macro avg": {
            "precision": 0.84071131851057,
            "recall": 0.6961414987072329,
            "f1-score": 0.7306732580813824,
            "support": 93411.0
        },
        "weighted avg": {
            "precision": 0.8417278413762499,
            "recall": 0.8421920330582051,
            "f1-score": 0.8214626913263884,
            "support": 93411.0
        }
    }
}