{
    "index": 25,
    "params": {
        "n_estimators": 50,
        "max_depth": 20,
        "min_samples_split": 10,
        "min_samples_leaf": 2
    },
    "auc": 0.6932199465989337,
    "report": {
        "benign": {
            "precision": 0.8412875390842766,
            "recall": 0.9753417728633049,
            "f1-score": 0.9033685347491981,
            "support": 71173.0
        },
        "malicious": {
            "precision": 0.838946499036432,
            "recall": 0.41109812033456244,
            "f1-score": 0.5518032292138222,
            "support": 22238.0
        },
        "accuracy": 0.8410144415539925,
        "macro avg": {
            "precision": 0.8401170190603543,
            "recall": 0.6932199465989337,
            "f1-score": 0.7275858819815102,
            "support": 93411.0
        },
        "weighted avg": {
            "precision": 0.840730216621355,
            "recall": 0.8410144415539925,
            "f1-score": 0.8196727252139647,
            "support": 93411.0
        }
    }
}