{
    "index": 26,
    "params": {
        "n_estimators": 50,
        "max_depth": 20,
        "min_samples_split": 10,
        "min_samples_leaf": 4
    },
    "auc": 0.6922178993167475,
    "report": {
        "benign": {
            "precision": 0.8407194174992139,
            "recall": 0.9766203476037262,
            "f1-score": 0.9035885369610858,
            "support": 71173.0
        },
        "malicious": {
            "precision": 0.8449641293207864,
            "recall": 0.40781545102976885,
            "f1-score": 0.5501198022504625,
            "support": 22238.0
        },
        "accuracy": 0.841207138345591,
        "macro avg": {
            "precision": 0.8428417734100001,
            "recall": 0.6922178993167475,
            "f1-score": 0.7268541696057742,
            "support": 93411.0
        },
        "weighted avg": {
            "precision": 0.8417299398305039,
            "recall": 0.841207138345591,
            "f1-score": 0.8194395853119777,
            "support": 93411.0
        }
    }
}