{
    "index": 27,
    "params": {
        "n_estimators": 100,
        "max_depth": null,
        "min_samples_split": 2,
        "min_samples_leaf": 1
    },
    "auc": 0.7300185825744303,
    "report": {
        "benign": {
            "precision": 0.8592947877243602,
            "recall": 0.9666025037584477,
            "f1-score": 0.9097954163746248,
            "support": 71173.0
        },
        "malicious": {
            "precision": 0.8219475655430711,
            "recall": 0.4934346613904128,
            "f1-score": 0.616668539957289,
            "support": 22238.0
        },
        "accuracy": 0.8539572427230198,
        "macro avg": {
            "precision": 0.8406211766337157,
            "recall": 0.7300185825744303,
            "f1-score": 0.7632319781659569,
            "support": 93411.0
        },
        "weighted avg": {
            "precision": 0.8504036771820525,
            "recall": 0.8539572427230198,
            "f1-score": 0.8400118204622729,
            "support": 93411.0
        }
    }
}