{
    "index": 28,
    "params": {
        "n_estimators": 100,
        "max_depth": null,
        "min_samples_split": 2,
        "min_samples_leaf": 2
    },
    "auc": 0.7267118945579549,
    "report": {
        "benign": {
            "precision": 0.8575392924252417,
            "recall": 0.9682182850238152,
            "f1-score": 0.9095240609244252,
            "support": 71173.0
        },
        "malicious": {
            "precision": 0.8266932270916335,
            "recall": 0.4852055040920946,
            "f1-score": 0.6115046755454803,
            "support": 22238.0
        },
        "accuracy": 0.8532292770658702,
        "macro avg": {
            "precision": 0.8421162597584376,
            "recall": 0.7267118945579549,
            "f1-score": 0.7605143682349527,
            "support": 93411.0
        },
        "weighted avg": {
            "precision": 0.8501958874634195,
            "recall": 0.8532292770658702,
            "f1-score": 0.8385757240898235,
            "support": 93411.0
        }
    }
}