{
    "index": 29,
    "params": {
        "n_estimators": 100,
        "max_depth": null,
        "min_samples_split": 2,
        "min_samples_leaf": 4
    },
    "auc": 0.7180637582534811,
    "report": {
        "benign": {
            "precision": 0.8531724963885768,
            "recall": 0.9708878366796397,
            "f1-score": 0.9082317994821445,
            "support": 71173.0
        },
        "malicious": {
            "precision": 0.8331454340473506,
            "recall": 0.4652396798273226,
            "f1-score": 0.5970683287165282,
            "support": 22238.0
        },
        "accuracy": 0.8505101112288702,
        "macro avg": {
            "precision": 0.8431589652179637,
            "recall": 0.7180637582534812,
            "f1-score": 0.7526500640993363,
            "support": 93411.0
        },
        "weighted avg": {
            "precision": 0.8484047301475112,
            "recall": 0.8505101112288702,
            "f1-score": 0.8341543004414985,
            "support": 93411.0
        }
    }
}