{
    "index": 3,
    "params": {
        "n_estimators": 50,
        "max_depth": null,
        "min_samples_split": 5,
        "min_samples_leaf": 1
    },
    "auc": 0.7284433994426446,
    "report": {
        "benign": {
            "precision": 0.8586908972740567,
            "recall": 0.965295828474281,
            "f1-score": 0.9088780410366314,
            "support": 71173.0
        },
        "malicious": {
            "precision": 0.8156991493806894,
            "recall": 0.4915909704110082,
            "f1-score": 0.6134680134680135,
            "support": 22238.0
        },
        "accuracy": 0.8525227221633427,
        "macro avg": {
            "precision": 0.8371950233273731,
            "recall": 0.7284433994426446,
            "f1-score": 0.7611730272523225,
            "support": 93411.0
        },
        "weighted avg": {
            "precision": 0.8484560160539358,
            "recall": 0.8525227221633427,
            "f1-score": 0.8385509040498641,
            "support": 93411.0
        }
    }
}