{
    "index": 30,
    "params": {
        "n_estimators": 100,
        "max_depth": null,
        "min_samples_split": 5,
        "min_samples_leaf": 1
    },
    "auc": 0.7294072877078316,
    "report": {
        "benign": {
            "precision": 0.8589887640449438,
            "recall": 0.9667289562053025,
            "f1-score": 0.9096798503368083,
            "support": 71173.0
        },
        "malicious": {
            "precision": 0.8221020208849823,
            "recall": 0.49208561921036065,
            "f1-score": 0.6156572618076458,
            "support": 22238.0
        },
        "accuracy": 0.8537324297994883,
        "macro avg": {
            "precision": 0.8405453924649631,
            "recall": 0.7294072877078316,
            "f1-score": 0.762668556072227,
            "support": 93411.0
        },
        "weighted avg": {
            "precision": 0.8502072779845097,
            "recall": 0.8537324297994883,
            "f1-score": 0.8396830156630384,
            "support": 93411.0
        }
    }
}