{
    "index": 31,
    "params": {
        "n_estimators": 100,
        "max_depth": null,
        "min_samples_split": 5,
        "min_samples_leaf": 2
    },
    "auc": 0.725761948524507,
    "report": {
        "benign": {
            "precision": 0.8570948803423056,
            "recall": 0.9681620839363242,
            "f1-score": 0.9092492528155494,
            "support": 71173.0
        },
        "malicious": {
            "precision": 0.8258932001536688,
            "recall": 0.48336181311269,
            "f1-score": 0.6098204408135478,
            "support": 22238.0
        },
        "accuracy": 0.8527475350868742,
        "macro avg": {
            "precision": 0.8414940402479872,
            "recall": 0.725761948524507,
            "f1-score": 0.7595348468145486,
            "support": 93411.0
        },
        "weighted avg": {
            "precision": 0.849666815510167,
            "recall": 0.8527475350868742,
            "f1-score": 0.8379653791679006,
            "support": 93411.0
        }
    }
}