{
    "index": 33,
    "params": {
        "n_estimators": 100,
        "max_depth": null,
        "min_samples_split": 10,
        "min_samples_leaf": 1
    },
    "auc": 0.7248920242166539,
    "report": {
        "benign": {
            "precision": 0.856582215598609,
            "recall": 0.9690753516080536,
            "f1-score": 0.9093629897226635,
            "support": 71173.0
        },
        "malicious": {
            "precision": 0.8292607245364984,
            "recall": 0.4807086968252541,
            "f1-score": 0.60861396566939,
            "support": 22238.0
        },
        "accuracy": 0.8528117673507403,
        "macro avg": {
            "precision": 0.8429214700675537,
            "recall": 0.7248920242166539,
            "f1-score": 0.7589884776960267,
            "support": 93411.0
        },
        "weighted avg": {
            "precision": 0.8500778925719932,
            "recall": 0.8528117673507403,
            "f1-score": 0.8377648182343301,
            "support": 93411.0
        }
    }
}