{
    "index": 34,
    "params": {
        "n_estimators": 100,
        "max_depth": null,
        "min_samples_split": 10,
        "min_samples_leaf": 2
    },
    "auc": 0.720215254625695,
    "report": {
        "benign": {
            "precision": 0.8542550690930685,
            "recall": 0.9701993733578744,
            "f1-score": 0.9085430838256384,
            "support": 71173.0
        },
        "malicious": {
            "precision": 0.8313722372396247,
            "recall": 0.4702311358935156,
            "f1-score": 0.6007008272058824,
            "support": 22238.0
        },
        "accuracy": 0.8511738446221537,
        "macro avg": {
            "precision": 0.8428136531663466,
            "recall": 0.720215254625695,
            "f1-score": 0.7546219555157604,
            "support": 93411.0
        },
        "weighted avg": {
            "precision": 0.8488074407114339,
            "recall": 0.8511738446221537,
            "f1-score": 0.8352562535517934,
            "support": 93411.0
        }
    }
}