{
    "index": 35,
    "params": {
        "n_estimators": 100,
        "max_depth": null,
        "min_samples_split": 10,
        "min_samples_leaf": 4
    },
    "auc": 0.7159333913091432,
    "report": {
        "benign": {
            "precision": 0.8521697310495358,
            "recall": 0.9709440377671308,
            "f1-score": 0.9076878620309196,
            "support": 71173.0
        },
        "malicious": {
            "precision": 0.8321156031823348,
            "recall": 0.4609227448511557,
            "f1-score": 0.5932399583285103,
            "support": 22238.0
        },
        "accuracy": 0.8495252165162561,
        "macro avg": {
            "precision": 0.8421426671159353,
            "recall": 0.7159333913091432,
            "f1-score": 0.7504639101797149,
            "support": 93411.0
        },
        "weighted avg": {
            "precision": 0.8473955214220742,
            "recall": 0.8495252165162561,
            "f1-score": 0.8328284505854348,
            "support": 93411.0
        }
    }
}