{
    "index": 36,
    "params": {
        "n_estimators": 100,
        "max_depth": 10,
        "min_samples_split": 2,
        "min_samples_leaf": 1
    },
    "auc": 0.5774747148273408,
    "report": {
        "benign": {
            "precision": 0.79124842286263,
            "recall": 0.9956725162631896,
            "f1-score": 0.8817673920887926,
            "support": 71173.0
        },
        "malicious": {
            "precision": 0.92,
            "recall": 0.15927691339149205,
            "f1-score": 0.27154247163446793,
            "support": 22238.0
        },
        "accuracy": 0.7965550095813126,
        "macro avg": {
            "precision": 0.8556242114313151,
            "recall": 0.5774747148273408,
            "f1-score": 0.5766549318616303,
            "support": 93411.0
        },
        "weighted avg": {
            "precision": 0.8218998190834266,
            "recall": 0.7965550095813126,
            "f1-score": 0.7364934759433358,
            "support": 93411.0
        }
    }
}