{
    "index": 37,
    "params": {
        "n_estimators": 100,
        "max_depth": 10,
        "min_samples_split": 2,
        "min_samples_leaf": 2
    },
    "auc": 0.5782504410909042,
    "report": {
        "benign": {
            "precision": 0.7915637745125426,
            "recall": 0.9953353097382435,
            "f1-score": 0.8818308561754674,
            "support": 71173.0
        },
        "malicious": {
            "precision": 0.9152196118488254,
            "recall": 0.16116557244356508,
            "f1-score": 0.2740689760648467,
            "support": 22238.0
        },
        "accuracy": 0.7967477063729111,
        "macro avg": {
            "precision": 0.853391693180684,
            "recall": 0.5782504410909043,
            "f1-score": 0.5779499161201571,
            "support": 93411.0
        },
        "weighted avg": {
            "precision": 0.8210020474213463,
            "recall": 0.7967477063729111,
            "f1-score": 0.7371433066374047,
            "support": 93411.0
        }
    }
}