{
    "index": 39,
    "params": {
        "n_estimators": 100,
        "max_depth": 10,
        "min_samples_split": 5,
        "min_samples_leaf": 1
    },
    "auc": 0.5777066163399971,
    "report": {
        "benign": {
            "precision": 0.7913529214612892,
            "recall": 0.9952369578351341,
            "f1-score": 0.8816614078651756,
            "support": 71173.0
        },
        "malicious": {
            "precision": 0.9130992053319662,
            "recall": 0.16017627484486016,
            "f1-score": 0.27254294349439534,
            "support": 22238.0
        },
        "accuracy": 0.7964372504308914,
        "macro avg": {
            "precision": 0.8522260633966277,
            "recall": 0.5777066163399971,
            "f1-score": 0.5771021756797854,
            "support": 93411.0
        },
        "weighted avg": {
            "precision": 0.8203365942698034,
            "recall": 0.7964372504308914,
            "f1-score": 0.7366509014935768,
            "support": 93411.0
        }
    }
}