{
    "index": 4,
    "params": {
        "n_estimators": 50,
        "max_depth": null,
        "min_samples_split": 5,
        "min_samples_leaf": 2
    },
    "auc": 0.7264070684823962,
    "report": {
        "benign": {
            "precision": 0.8575523429710867,
            "recall": 0.9667992075646664,
            "f1-score": 0.9089047836051065,
            "support": 71173.0
        },
        "malicious": {
            "precision": 0.8205906916710956,
            "recall": 0.4860149294001259,
            "f1-score": 0.6104662656386795,
            "support": 22238.0
        },
        "accuracy": 0.8523407307490553,
        "macro avg": {
            "precision": 0.8390715173210912,
            "recall": 0.7264070684823962,
            "f1-score": 0.759685524621893,
            "support": 93411.0
        },
        "weighted avg": {
            "precision": 0.8487530238158567,
            "recall": 0.8523407307490553,
            "f1-score": 0.8378566654762202,
            "support": 93411.0
        }
    }
}