{
    "index": 40,
    "params": {
        "n_estimators": 100,
        "max_depth": 10,
        "min_samples_split": 5,
        "min_samples_leaf": 2
    },
    "auc": 0.5774536754329095,
    "report": {
        "benign": {
            "precision": 0.7912551946020823,
            "recall": 0.9951807567476431,
            "f1-score": 0.8815787017157366,
            "support": 71173.0
        },
        "malicious": {
            "precision": 0.9119383825417201,
            "recall": 0.1597265941181761,
            "f1-score": 0.27184020204339343,
            "support": 22238.0
        },
        "accuracy": 0.7962873751485371,
        "macro avg": {
            "precision": 0.8515967885719011,
            "recall": 0.5774536754329096,
            "f1-score": 0.576709451879565,
            "support": 93411.0
        },
        "weighted avg": {
            "precision": 0.8199857802226374,
            "recall": 0.7962873751485371,
            "f1-score": 0.7364205859080313,
            "support": 93411.0
        }
    }
}