{
    "index": 41,
    "params": {
        "n_estimators": 100,
        "max_depth": 10,
        "min_samples_split": 5,
        "min_samples_leaf": 4
    },
    "auc": 0.5765879950173205,
    "report": {
        "benign": {
            "precision": 0.7908980325197809,
            "recall": 0.9957427676225535,
            "f1-score": 0.8815773106107725,
            "support": 71173.0
        },
        "malicious": {
            "precision": 0.9203470031545742,
            "recall": 0.15743322241208743,
            "f1-score": 0.26887335842101223,
            "support": 22238.0
        },
        "accuracy": 0.7961696159981159,
        "macro avg": {
            "precision": 0.8556225178371775,
            "recall": 0.5765879950173205,
            "f1-score": 0.5752253345158924,
            "support": 93411.0
        },
        "weighted avg": {
            "precision": 0.821715454546914,
            "recall": 0.7961696159981159,
            "f1-score": 0.7357132208483688,
            "support": 93411.0
        }
    }
}