{
    "index": 42,
    "params": {
        "n_estimators": 100,
        "max_depth": 10,
        "min_samples_split": 10,
        "min_samples_leaf": 1
    },
    "auc": 0.5769013989108521,
    "report": {
        "benign": {
            "precision": 0.7910334431355033,
            "recall": 0.9953353097382435,
            "f1-score": 0.8815016674132696,
            "support": 71173.0
        },
        "malicious": {
            "precision": 0.9139004149377593,
            "recall": 0.15846748808346076,
            "f1-score": 0.27010040622365294,
            "support": 22238.0
        },
        "accuracy": 0.7961053837342497,
        "macro avg": {
            "precision": 0.8524669290366313,
            "recall": 0.5769013989108521,
            "f1-score": 0.5758010368184613,
            "support": 93411.0
        },
        "weighted avg": {
            "precision": 0.8202839138395807,
            "recall": 0.7961053837342497,
            "f1-score": 0.7359477043218277,
            "support": 93411.0
        }
    }
}