{
    "index": 43,
    "params": {
        "n_estimators": 100,
        "max_depth": 10,
        "min_samples_split": 10,
        "min_samples_leaf": 2
    },
    "auc": 0.5777586095486018,
    "report": {
        "benign": {
            "precision": 0.7913729345652393,
            "recall": 0.9952510081070068,
            "f1-score": 0.8816793418055539,
            "support": 71173.0
        },
        "malicious": {
            "precision": 0.9133777549974372,
            "recall": 0.16026621099019697,
            "f1-score": 0.27268553940321344,
            "support": 22238.0
        },
        "accuracy": 0.7964693665628245,
        "macro avg": {
            "precision": 0.8523753447813383,
            "recall": 0.5777586095486019,
            "f1-score": 0.5771824406043836,
            "support": 93411.0
        },
        "weighted avg": {
            "precision": 0.8204181561855112,
            "recall": 0.7964693665628245,
            "f1-score": 0.7366985132326529,
            "support": 93411.0
        }
    }
}