{
    "index": 44,
    "params": {
        "n_estimators": 100,
        "max_depth": 10,
        "min_samples_split": 10,
        "min_samples_leaf": 4
    },
    "auc": 0.5768044196228899,
    "report": {
        "benign": {
            "precision": 0.7909889594659463,
            "recall": 0.9955460638163348,
            "f1-score": 0.8815566835871405,
            "support": 71173.0
        },
        "malicious": {
            "precision": 0.9172755741127349,
            "recall": 0.1580627754294451,
            "f1-score": 0.2696586114307633,
            "support": 22238.0
        },
        "accuracy": 0.7961696159981159,
        "macro avg": {
            "precision": 0.8541322667893405,
            "recall": 0.57680441962289,
            "f1-score": 0.5756076475089519,
            "support": 93411.0
        },
        "weighted avg": {
            "precision": 0.821053531481183,
            "recall": 0.7961696159981159,
            "f1-score": 0.7358844466063403,
            "support": 93411.0
        }
    }
}