{
    "index": 45,
    "params": {
        "n_estimators": 100,
        "max_depth": 20,
        "min_samples_split": 2,
        "min_samples_leaf": 1
    },
    "auc": 0.7005806782513684,
    "report": {
        "benign": {
            "precision": 0.844662439297494,
            "recall": 0.9750888679695953,
            "f1-score": 0.9052016486669797,
            "support": 71173.0
        },
        "malicious": {
            "precision": 0.8423719772403983,
            "recall": 0.42607248853314145,
            "f1-score": 0.5659081407155229,
            "support": 22238.0
        },
        "accuracy": 0.8443866354069649,
        "macro avg": {
            "precision": 0.8435172082689462,
            "recall": 0.7005806782513684,
            "f1-score": 0.7355548946912513,
            "support": 93411.0
        },
        "weighted avg": {
            "precision": 0.8441171577436545,
            "recall": 0.8443866354069649,
            "f1-score": 0.8244273391121683,
            "support": 93411.0
        }
    }
}