{
    "index": 46,
    "params": {
        "n_estimators": 100,
        "max_depth": 20,
        "min_samples_split": 2,
        "min_samples_leaf": 2
    },
    "auc": 0.6986357460850486,
    "report": {
        "benign": {
            "precision": 0.8437010313035239,
            "recall": 0.9758756831944698,
            "f1-score": 0.9049877521238339,
            "support": 71173.0
        },
        "malicious": {
            "precision": 0.8451479076479076,
            "recall": 0.4213958089756273,
            "f1-score": 0.5623837244193722,
            "support": 22238.0
        },
        "accuracy": 0.8438727772960358,
        "macro avg": {
            "precision": 0.8444244694757157,
            "recall": 0.6986357460850485,
            "f1-score": 0.7336857382716031,
            "support": 93411.0
        },
        "weighted avg": {
            "precision": 0.8440454836286934,
            "recall": 0.8438727772960358,
            "f1-score": 0.8234253197754828,
            "support": 93411.0
        }
    }
}