{
    "index": 47,
    "params": {
        "n_estimators": 100,
        "max_depth": 20,
        "min_samples_split": 2,
        "min_samples_leaf": 4
    },
    "auc": 0.6938985495210235,
    "report": {
        "benign": {
            "precision": 0.841444820909971,
            "recall": 0.9770137552161634,
            "f1-score": 0.9041758498956525,
            "support": 71173.0
        },
        "malicious": {
            "precision": 0.848110667533191,
            "recall": 0.4107833438258836,
            "f1-score": 0.553485413069163,
            "support": 22238.0
        },
        "accuracy": 0.8422134438128271,
        "macro avg": {
            "precision": 0.8447777442215809,
            "recall": 0.6938985495210235,
            "f1-score": 0.7288306314824078,
            "support": 93411.0
        },
        "weighted avg": {
            "precision": 0.8430317335563099,
            "recall": 0.8422134438128271,
            "f1-score": 0.8206883170125073,
            "support": 93411.0
        }
    }
}