{
    "index": 48,
    "params": {
        "n_estimators": 100,
        "max_depth": 20,
        "min_samples_split": 5,
        "min_samples_leaf": 1
    },
    "auc": 0.7001885532206336,
    "report": {
        "benign": {
            "precision": 0.8444133738601823,
            "recall": 0.9758335323788515,
            "f1-score": 0.9053792456150642,
            "support": 71173.0
        },
        "malicious": {
            "precision": 0.8458919451662037,
            "recall": 0.42454357406241566,
            "f1-score": 0.5653462678523309,
            "support": 22238.0
        },
        "accuracy": 0.8445900375758744,
        "macro avg": {
            "precision": 0.8451526595131931,
            "recall": 0.7001885532206336,
            "f1-score": 0.7353627567336976,
            "support": 93411.0
        },
        "weighted avg": {
            "precision": 0.8447653716838145,
            "recall": 0.8445900375758744,
            "f1-score": 0.8244288933065818,
            "support": 93411.0
        }
    }
}