{
    "index": 49,
    "params": {
        "n_estimators": 100,
        "max_depth": 20,
        "min_samples_split": 5,
        "min_samples_leaf": 2
    },
    "auc": 0.697519942019422,
    "report": {
        "benign": {
            "precision": 0.843153909624812,
            "recall": 0.9762971913506526,
            "f1-score": 0.9048539896474265,
            "support": 71173.0
        },
        "malicious": {
            "precision": 0.84662242022002,
            "recall": 0.41874269268819136,
            "f1-score": 0.5603393808105425,
            "support": 22238.0
        },
        "accuracy": 0.8435623213540161,
        "macro avg": {
            "precision": 0.844888164922416,
            "recall": 0.697519942019422,
            "f1-score": 0.7325966852289845,
            "support": 93411.0
        },
        "weighted avg": {
            "precision": 0.8439796446947313,
            "recall": 0.8435623213540161,
            "f1-score": 0.8228367125460719,
            "support": 93411.0
        }
    }
}