{
    "index": 5,
    "params": {
        "n_estimators": 50,
        "max_depth": null,
        "min_samples_split": 5,
        "min_samples_leaf": 4
    },
    "auc": 0.7175720347513125,
    "report": {
        "benign": {
            "precision": 0.8530928153707298,
            "recall": 0.9694547089486182,
            "f1-score": 0.907559156615413,
            "support": 71173.0
        },
        "malicious": {
            "precision": 0.8264964086193136,
            "recall": 0.46568936055400667,
            "f1-score": 0.5957202024850438,
            "support": 22238.0
        },
        "accuracy": 0.8495252165162561,
        "macro avg": {
            "precision": 0.8397946119950217,
            "recall": 0.7175720347513124,
            "f1-score": 0.7516396795502284,
            "support": 93411.0
        },
        "weighted avg": {
            "precision": 0.8467611103966048,
            "recall": 0.8495252165162561,
            "f1-score": 0.8333208478300328,
            "support": 93411.0
        }
    }
}