{
    "index": 51,
    "params": {
        "n_estimators": 100,
        "max_depth": 20,
        "min_samples_split": 10,
        "min_samples_leaf": 1
    },
    "auc": 0.6969775078903511,
    "report": {
        "benign": {
            "precision": 0.842899422638397,
            "recall": 0.9763814929818893,
            "f1-score": 0.9047436156154592,
            "support": 71173.0
        },
        "malicious": {
            "precision": 0.8467219841342208,
            "recall": 0.4175735227988128,
            "f1-score": 0.5593133564222256,
            "support": 22238.0
        },
        "accuracy": 0.8433482138077957,
        "macro avg": {
            "precision": 0.8448107033863089,
            "recall": 0.6969775078903511,
            "f1-score": 0.7320284860188424,
            "support": 93411.0
        },
        "weighted avg": {
            "precision": 0.843809445253979,
            "recall": 0.8433482138077957,
            "f1-score": 0.8225083531309646,
            "support": 93411.0
        }
    }
}