{
    "index": 52,
    "params": {
        "n_estimators": 100,
        "max_depth": 20,
        "min_samples_split": 10,
        "min_samples_leaf": 2
    },
    "auc": 0.6945576297173407,
    "report": {
        "benign": {
            "precision": 0.8417624196341006,
            "recall": 0.9768030011380721,
            "f1-score": 0.9042688795816967,
            "support": 71173.0
        },
        "malicious": {
            "precision": 0.8474121996303142,
            "recall": 0.4123122582966094,
            "f1-score": 0.5547220037509831,
            "support": 22238.0
        },
        "accuracy": 0.8424168459817366,
        "macro avg": {
            "precision": 0.8445873096322074,
            "recall": 0.6945576297173407,
            "f1-score": 0.72949544166634,
            "support": 93411.0
        },
        "weighted avg": {
            "precision": 0.8431074411792697,
            "recall": 0.8424168459817366,
            "f1-score": 0.8210535898971476,
            "support": 93411.0
        }
    }
}