{
    "index": 53,
    "params": {
        "n_estimators": 100,
        "max_depth": 20,
        "min_samples_split": 10,
        "min_samples_leaf": 4
    },
    "auc": 0.6934150977231158,
    "report": {
        "benign": {
            "precision": 0.8411756171869332,
            "recall": 0.9775757660910739,
            "f1-score": 0.9042609187260783,
            "support": 71173.0
        },
        "malicious": {
            "precision": 0.8507992895204263,
            "recall": 0.4092544293551578,
            "f1-score": 0.5526643388492485,
            "support": 22238.0
        },
        "accuracy": 0.8422776760766933,
        "macro avg": {
            "precision": 0.8459874533536798,
            "recall": 0.6934150977231158,
            "f1-score": 0.7284626287876634,
            "support": 93411.0
        },
        "weighted avg": {
            "precision": 0.8434666881031231,
            "recall": 0.8422776760766933,
            "f1-score": 0.8205576638278229,
            "support": 93411.0
        }
    }
}