{
    "index": 54,
    "params": {
        "n_estimators": 200,
        "max_depth": null,
        "min_samples_split": 2,
        "min_samples_leaf": 1
    },
    "auc": 0.7309558149377746,
    "report": {
        "benign": {
            "precision": 0.8596414571421438,
            "recall": 0.9674876708864316,
            "f1-score": 0.9103817550818046,
            "support": 71173.0
        },
        "malicious": {
            "precision": 0.8261326921631978,
            "recall": 0.49442395898911773,
            "f1-score": 0.6186176048611697,
            "support": 22238.0
        },
        "accuracy": 0.8548671997944568,
        "macro avg": {
            "precision": 0.8428870746526709,
            "recall": 0.7309558149377746,
            "f1-score": 0.7644996799714872,
            "support": 93411.0
        },
        "weighted avg": {
            "precision": 0.8516641534455577,
            "recall": 0.8548671997944568,
            "f1-score": 0.8409225781903628,
            "support": 93411.0
        }
    }
}