{
    "index": 55,
    "params": {
        "n_estimators": 200,
        "max_depth": null,
        "min_samples_split": 2,
        "min_samples_leaf": 2
    },
    "auc": 0.7274832868958095,
    "report": {
        "benign": {
            "precision": 0.8577787171612935,
            "recall": 0.9693563570455088,
            "f1-score": 0.9101606817762065,
            "support": 71173.0
        },
        "malicious": {
            "precision": 0.8319722650231125,
            "recall": 0.48561021674611027,
            "f1-score": 0.6132659435515929,
            "support": 22238.0
        },
        "accuracy": 0.8541927610238623,
        "macro avg": {
            "precision": 0.844875491092203,
            "recall": 0.7274832868958095,
            "f1-score": 0.7617133126638997,
            "support": 93411.0
        },
        "weighted avg": {
            "precision": 0.8516350736648223,
            "recall": 0.8541927610238623,
            "f1-score": 0.839480085394207,
            "support": 93411.0
        }
    }
}