{
    "index": 56,
    "params": {
        "n_estimators": 200,
        "max_depth": null,
        "min_samples_split": 2,
        "min_samples_leaf": 4
    },
    "auc": 0.7181901566802692,
    "report": {
        "benign": {
            "precision": 0.8531341737178381,
            "recall": 0.971815154623242,
            "f1-score": 0.908615604905187,
            "support": 71173.0
        },
        "malicious": {
            "precision": 0.8373996919834644,
            "recall": 0.46456515873729654,
            "f1-score": 0.5975994215473608,
            "support": 22238.0
        },
        "accuracy": 0.8510560854717325,
        "macro avg": {
            "precision": 0.8452669328506512,
            "recall": 0.7181901566802693,
            "f1-score": 0.7531075132262739,
            "support": 93411.0
        },
        "weighted avg": {
            "precision": 0.849388325746946,
            "recall": 0.8510560854717325,
            "f1-score": 0.8345731700151704,
            "support": 93411.0
        }
    }
}