{
    "index": 57,
    "params": {
        "n_estimators": 200,
        "max_depth": null,
        "min_samples_split": 5,
        "min_samples_leaf": 1
    },
    "auc": 0.7290642846085847,
    "report": {
        "benign": {
            "precision": 0.8586540737879562,
            "recall": 0.9682463855675607,
            "f1-score": 0.9101631116687579,
            "support": 71173.0
        },
        "malicious": {
            "precision": 0.82818914398662,
            "recall": 0.4898821836496088,
            "f1-score": 0.6156193490054249,
            "support": 22238.0
        },
        "accuracy": 0.8543640470608387,
        "macro avg": {
            "precision": 0.8434216088872881,
            "recall": 0.7290642846085847,
            "f1-score": 0.7628912303370914,
            "support": 93411.0
        },
        "weighted avg": {
            "precision": 0.851401404306609,
            "recall": 0.8543640470608387,
            "f1-score": 0.8400422030594163,
            "support": 93411.0
        }
    }
}