{
    "index": 58,
    "params": {
        "n_estimators": 200,
        "max_depth": null,
        "min_samples_split": 5,
        "min_samples_leaf": 2
    },
    "auc": 0.7254794084117044,
    "report": {
        "benign": {
            "precision": 0.856844746419566,
            "recall": 0.9692158543267813,
            "f1-score": 0.9095727848101266,
            "support": 71173.0
        },
        "malicious": {
            "precision": 0.8302076875387476,
            "recall": 0.4817429624966274,
            "f1-score": 0.6096977975072563,
            "support": 22238.0
        },
        "accuracy": 0.8531650448020041,
        "macro avg": {
            "precision": 0.8435262169791569,
            "recall": 0.7254794084117043,
            "f1-score": 0.7596352911586914,
            "support": 93411.0
        },
        "weighted avg": {
            "precision": 0.8505033635482592,
            "recall": 0.8531650448020041,
            "f1-score": 0.838182691912703,
            "support": 93411.0
        }
    }
}