{
    "index": 6,
    "params": {
        "n_estimators": 50,
        "max_depth": null,
        "min_samples_split": 10,
        "min_samples_leaf": 1
    },
    "auc": 0.7236935072152051,
    "report": {
        "benign": {
            "precision": 0.8562382593334411,
            "recall": 0.9670380621865033,
            "f1-score": 0.9082715299955132,
            "support": 71173.0
        },
        "malicious": {
            "precision": 0.8199263125575683,
            "recall": 0.48034895224390683,
            "f1-score": 0.6057959507741167,
            "support": 22238.0
        },
        "accuracy": 0.8511738446221537,
        "macro avg": {
            "precision": 0.8380822859455047,
            "recall": 0.7236935072152051,
            "f1-score": 0.757033740384815,
            "support": 93411.0
        },
        "weighted avg": {
            "precision": 0.847593612852814,
            "recall": 0.8511738446221537,
            "f1-score": 0.8362623241126362,
            "support": 93411.0
        }
    }
}