{
    "index": 60,
    "params": {
        "n_estimators": 200,
        "max_depth": null,
        "min_samples_split": 10,
        "min_samples_leaf": 1
    },
    "auc": 0.7257519620780092,
    "report": {
        "benign": {
            "precision": 0.85688399051768,
            "recall": 0.9700307700954014,
            "f1-score": 0.9099536060733867,
            "support": 71173.0
        },
        "malicious": {
            "precision": 0.8338785046728971,
            "recall": 0.48147315406061697,
            "f1-score": 0.6104680996636068,
            "support": 22238.0
        },
        "accuracy": 0.8537217244221773,
        "macro avg": {
            "precision": 0.8453812475952887,
            "recall": 0.7257519620780092,
            "f1-score": 0.7602108528684968,
            "support": 93411.0
        },
        "weighted avg": {
            "precision": 0.8514071623687867,
            "recall": 0.8537217244221773,
            "f1-score": 0.8386562354046145,
            "support": 93411.0
        }
    }
}