{
    "index": 61,
    "params": {
        "n_estimators": 200,
        "max_depth": null,
        "min_samples_split": 10,
        "min_samples_leaf": 2
    },
    "auc": 0.7213042407292786,
    "report": {
        "benign": {
            "precision": 0.8546542536750615,
            "recall": 0.9712531437483315,
            "f1-score": 0.9092308097016889,
            "support": 71173.0
        },
        "malicious": {
            "precision": 0.8366858237547893,
            "recall": 0.47135533771022575,
            "f1-score": 0.6030029339009377,
            "support": 22238.0
        },
        "accuracy": 0.8522443823532561,
        "macro avg": {
            "precision": 0.8456700387149254,
            "recall": 0.7213042407292787,
            "f1-score": 0.7561168718013134,
            "support": 93411.0
        },
        "weighted avg": {
            "precision": 0.8503765781917992,
            "recall": 0.8522443823532561,
            "f1-score": 0.8363283089035269,
            "support": 93411.0
        }
    }
}