{
    "index": 62,
    "params": {
        "n_estimators": 200,
        "max_depth": null,
        "min_samples_split": 10,
        "min_samples_leaf": 4
    },
    "auc": 0.7165979799727382,
    "report": {
        "benign": {
            "precision": 0.8523560209424084,
            "recall": 0.9721383108763154,
            "f1-score": 0.908315173156195,
            "support": 71173.0
        },
        "malicious": {
            "precision": 0.8379372343903236,
            "recall": 0.4610576490691609,
            "f1-score": 0.5948250855717352,
            "support": 22238.0
        },
        "accuracy": 0.8504672897196262,
        "macro avg": {
            "precision": 0.845146627666366,
            "recall": 0.7165979799727382,
            "f1-score": 0.7515701293639652,
            "support": 93411.0
        },
        "weighted avg": {
            "precision": 0.8489233954984535,
            "recall": 0.8504672897196262,
            "f1-score": 0.8336837853356683,
            "support": 93411.0
        }
    }
}