{
    "index": 63,
    "params": {
        "n_estimators": 200,
        "max_depth": 10,
        "min_samples_split": 2,
        "min_samples_leaf": 1
    },
    "auc": 0.5765655109809863,
    "report": {
        "benign": {
            "precision": 0.7908892063208642,
            "recall": 0.9957427676225535,
            "f1-score": 0.881571827516933,
            "support": 71173.0
        },
        "malicious": {
            "precision": 0.9203260583749672,
            "recall": 0.15738825433941903,
            "f1-score": 0.26880688145616527,
            "support": 22238.0
        },
        "accuracy": 0.7961589106208048,
        "macro avg": {
            "precision": 0.8556076323479157,
            "recall": 0.5765655109809863,
            "f1-score": 0.5751893544865492,
            "support": 93411.0
        },
        "weighted avg": {
            "precision": 0.8217037433237776,
            "recall": 0.7961589106208048,
            "f1-score": 0.7356932171766158,
            "support": 93411.0
        }
    }
}