{
    "index": 64,
    "params": {
        "n_estimators": 200,
        "max_depth": 10,
        "min_samples_split": 2,
        "min_samples_leaf": 2
    },
    "auc": 0.5771627375690231,
    "report": {
        "benign": {
            "precision": 0.7911215787828727,
            "recall": 0.9958130189819173,
            "f1-score": 0.8817437064959786,
            "support": 71173.0
        },
        "malicious": {
            "precision": 0.9220507454878368,
            "recall": 0.15851245615612916,
            "f1-score": 0.2705191665707379,
            "support": 22238.0
        },
        "accuracy": 0.7964800719401355,
        "macro avg": {
            "precision": 0.8565861621353548,
            "recall": 0.5771627375690233,
            "f1-score": 0.5761314365333582,
            "support": 93411.0
        },
        "weighted avg": {
            "precision": 0.8222913854350336,
            "recall": 0.7964800719401355,
            "f1-score": 0.7362318147609848,
            "support": 93411.0
        }
    }
}