{
    "index": 65,
    "params": {
        "n_estimators": 200,
        "max_depth": 10,
        "min_samples_split": 2,
        "min_samples_leaf": 4
    },
    "auc": 0.5771529131827257,
    "report": {
        "benign": {
            "precision": 0.7911224239176546,
            "recall": 0.9956584659913169,
            "f1-score": 0.8816836395080468,
            "support": 71173.0
        },
        "malicious": {
            "precision": 0.9194683346364347,
            "recall": 0.15864736037413438,
            "f1-score": 0.27060402684563756,
            "support": 22238.0
        },
        "accuracy": 0.7963944289216474,
        "macro avg": {
            "precision": 0.8552953792770447,
            "recall": 0.5771529131827257,
            "f1-score": 0.5761438331768423,
            "support": 93411.0
        },
        "weighted avg": {
            "precision": 0.8216772446835625,
            "recall": 0.7963944289216474,
            "f1-score": 0.7362062500529862,
            "support": 93411.0
        }
    }
}