{
    "index": 66,
    "params": {
        "n_estimators": 200,
        "max_depth": 10,
        "min_samples_split": 5,
        "min_samples_leaf": 1
    },
    "auc": 0.5756829990498521,
    "report": {
        "benign": {
            "precision": 0.7905379030369272,
            "recall": 0.9959113708850266,
            "f1-score": 0.8814195826804944,
            "support": 71173.0
        },
        "malicious": {
            "precision": 0.9223585912486659,
            "recall": 0.15545462721467757,
            "f1-score": 0.26606634341568536,
            "support": 22238.0
        },
        "accuracy": 0.7958270439241631,
        "macro avg": {
            "precision": 0.8564482471427965,
            "recall": 0.5756829990498521,
            "f1-score": 0.5737429630480899,
            "support": 93411.0
        },
        "weighted avg": {
            "precision": 0.8219199508091665,
            "recall": 0.7958270439241631,
            "f1-score": 0.7349247872627082,
            "support": 93411.0
        }
    }
}