{
    "index": 67,
    "params": {
        "n_estimators": 200,
        "max_depth": 10,
        "min_samples_split": 5,
        "min_samples_leaf": 2
    },
    "auc": 0.5763210038383602,
    "report": {
        "benign": {
            "precision": 0.7907957728403879,
            "recall": 0.9956584659913169,
            "f1-score": 0.8814807443526719,
            "support": 71173.0
        },
        "malicious": {
            "precision": 0.9186842105263158,
            "recall": 0.15698354168540338,
            "f1-score": 0.26814655503494894,
            "support": 22238.0
        },
        "accuracy": 0.7959983299611395,
        "macro avg": {
            "precision": 0.8547399916833518,
            "recall": 0.5763210038383602,
            "f1-score": 0.5748136496938104,
            "support": 93411.0
        },
        "weighted avg": {
            "precision": 0.8212416847486179,
            "recall": 0.7959983299611395,
            "f1-score": 0.735466616444315,
            "support": 93411.0
        }
    }
}