{
    "index": 69,
    "params": {
        "n_estimators": 200,
        "max_depth": 10,
        "min_samples_split": 10,
        "min_samples_leaf": 1
    },
    "auc": 0.5771290385245553,
    "report": {
        "benign": {
            "precision": 0.7911186047030975,
            "recall": 0.995475812456971,
            "f1-score": 0.8816096459301566,
            "support": 71173.0
        },
        "malicious": {
            "precision": 0.9164287568128731,
            "recall": 0.1587822645921396,
            "f1-score": 0.2706680464527998,
            "support": 22238.0
        },
        "accuracy": 0.7962873751485371,
        "macro avg": {
            "precision": 0.8537736807579852,
            "recall": 0.5771290385245553,
            "f1-score": 0.5761388461914781,
            "support": 93411.0
        },
        "weighted avg": {
            "precision": 0.820950714011607,
            "recall": 0.7962873751485371,
            "f1-score": 0.7361651127469399,
            "support": 93411.0
        }
    }
}