{
    "index": 7,
    "params": {
        "n_estimators": 50,
        "max_depth": null,
        "min_samples_split": 10,
        "min_samples_leaf": 2
    },
    "auc": 0.7211428066562533,
    "report": {
        "benign": {
            "precision": 0.8548059287166014,
            "recall": 0.9691315526955446,
            "f1-score": 0.9083857373324993,
            "support": 71173.0
        },
        "malicious": {
            "precision": 0.8272662945200094,
            "recall": 0.47315406061696197,
            "f1-score": 0.6019967388505879,
            "support": 22238.0
        },
        "accuracy": 0.8510560854717325,
        "macro avg": {
            "precision": 0.8410361116183054,
            "recall": 0.7211428066562533,
            "f1-score": 0.7551912380915435,
            "support": 93411.0
        },
        "weighted avg": {
            "precision": 0.8482496731871262,
            "recall": 0.8510560854717325,
            "f1-score": 0.8354448786730186,
            "support": 93411.0
        }
    }
}