{
    "index": 70,
    "params": {
        "n_estimators": 200,
        "max_depth": 10,
        "min_samples_split": 10,
        "min_samples_leaf": 2
    },
    "auc": 0.57662033945333,
    "report": {
        "benign": {
            "precision": 0.7909196454486592,
            "recall": 0.9954477119132256,
            "f1-score": 0.8814750763603337,
            "support": 71173.0
        },
        "malicious": {
            "precision": 0.9154709105139577,
            "recall": 0.15779296699343467,
            "f1-score": 0.26918798665183535,
            "support": 22238.0
        },
        "accuracy": 0.7960304460930725,
        "macro avg": {
            "precision": 0.8531952779813085,
            "recall": 0.5766203394533301,
            "f1-score": 0.5753315315060845,
            "support": 93411.0
        },
        "weighted avg": {
            "precision": 0.820571089416951,
            "recall": 0.7960304460930725,
            "f1-score": 0.7357102274566972,
            "support": 93411.0
        }
    }
}