{
    "index": 71,
    "params": {
        "n_estimators": 200,
        "max_depth": 10,
        "min_samples_split": 10,
        "min_samples_leaf": 4
    },
    "auc": 0.5765697368665613,
    "report": {
        "benign": {
            "precision": 0.7908946827983392,
            "recall": 0.9956163151756986,
            "f1-score": 0.8815256672617233,
            "support": 71173.0
        },
        "malicious": {
            "precision": 0.9182175622542595,
            "recall": 0.15752315855742424,
            "f1-score": 0.2689133689018539,
            "support": 22238.0
        },
        "accuracy": 0.7960946783569387,
        "macro avg": {
            "precision": 0.8545561225262994,
            "recall": 0.5765697368665614,
            "f1-score": 0.5752195180817886,
            "support": 93411.0
        },
        "weighted avg": {
            "precision": 0.8212059544188203,
            "recall": 0.7960946783569387,
            "f1-score": 0.7356833971765431,
            "support": 93411.0
        }
    }
}