{
    "index": 72,
    "params": {
        "n_estimators": 200,
        "max_depth": 20,
        "min_samples_split": 2,
        "min_samples_leaf": 1
    },
    "auc": 0.7008110450886771,
    "report": {
        "benign": {
            "precision": 0.8446567715740977,
            "recall": 0.9762690908069072,
            "f1-score": 0.9057066138324774,
            "support": 71173.0
        },
        "malicious": {
            "precision": 0.8484930032292788,
            "recall": 0.42535299937044696,
            "f1-score": 0.5666447013718325,
            "support": 22238.0
        },
        "accuracy": 0.8451146010641145,
        "macro avg": {
            "precision": 0.8465748874016883,
            "recall": 0.7008110450886771,
            "f1-score": 0.736175657602155,
            "support": 93411.0
        },
        "weighted avg": {
            "precision": 0.8455700485923067,
            "recall": 0.8451146010641145,
            "f1-score": 0.8249874393316176,
            "support": 93411.0
        }
    }
}