{
    "index": 73,
    "params": {
        "n_estimators": 200,
        "max_depth": 20,
        "min_samples_split": 2,
        "min_samples_leaf": 2
    },
    "auc": 0.6976154406521033,
    "report": {
        "benign": {
            "precision": 0.8431301227023619,
            "recall": 0.9770278054880361,
            "f1-score": 0.9051539547930673,
            "support": 71173.0
        },
        "malicious": {
            "precision": 0.850480109739369,
            "recall": 0.4182030758161705,
            "f1-score": 0.560696952340759,
            "support": 22238.0
        },
        "accuracy": 0.843990536446457,
        "macro avg": {
            "precision": 0.8468051162208654,
            "recall": 0.6976154406521033,
            "f1-score": 0.7329254535669132,
            "support": 93411.0
        },
        "weighted avg": {
            "precision": 0.8448799060440343,
            "recall": 0.843990536446457,
            "f1-score": 0.8231503918236692,
            "support": 93411.0
        }
    }
}