{
    "index": 74,
    "params": {
        "n_estimators": 200,
        "max_depth": 20,
        "min_samples_split": 2,
        "min_samples_leaf": 4
    },
    "auc": 0.693659586859053,
    "report": {
        "benign": {
            "precision": 0.8412585214910796,
            "recall": 0.9778848720722746,
            "f1-score": 0.9044410512978786,
            "support": 71173.0
        },
        "malicious": {
            "precision": 0.8526079220900833,
            "recall": 0.40943430164583144,
            "f1-score": 0.5532095877510101,
            "support": 22238.0
        },
        "accuracy": 0.84255601588678,
        "macro avg": {
            "precision": 0.8469332217905814,
            "recall": 0.693659586859053,
            "f1-score": 0.7288253195244443,
            "support": 93411.0
        },
        "weighted avg": {
            "precision": 0.8439604299442665,
            "recall": 0.84255601588678,
            "f1-score": 0.8208247182497872,
            "support": 93411.0
        }
    }
}