{
    "index": 78,
    "params": {
        "n_estimators": 200,
        "max_depth": 20,
        "min_samples_split": 10,
        "min_samples_leaf": 1
    },
    "auc": 0.6958883417198782,
    "report": {
        "benign": {
            "precision": 0.8422957726018111,
            "recall": 0.9775757660910739,
            "f1-score": 0.9049077560363383,
            "support": 71173.0
        },
        "malicious": {
            "precision": 0.8523179420745813,
            "recall": 0.4142009173486824,
            "f1-score": 0.5574822212134968,
            "support": 22238.0
        },
        "accuracy": 0.8434552675809059,
        "macro avg": {
            "precision": 0.8473068573381962,
            "recall": 0.6958883417198781,
            "f1-score": 0.7311949886249176,
            "support": 93411.0
        },
        "weighted avg": {
            "precision": 0.8446817122099457,
            "recall": 0.8434552675809059,
            "f1-score": 0.8221974859033739,
            "support": 93411.0
        }
    }
}