{
    "index": 79,
    "params": {
        "n_estimators": 200,
        "max_depth": 20,
        "min_samples_split": 10,
        "min_samples_leaf": 2
    },
    "auc": 0.6951154327133648,
    "report": {
        "benign": {
            "precision": 0.8419225278846386,
            "recall": 0.9778286709847835,
            "f1-score": 0.9048005980433581,
            "support": 71173.0
        },
        "malicious": {
            "precision": 0.8531956461066146,
            "recall": 0.4124021944419462,
            "f1-score": 0.5560372267863097,
            "support": 22238.0
        },
        "accuracy": 0.8432197492800634,
        "macro avg": {
            "precision": 0.8475590869956267,
            "recall": 0.6951154327133648,
            "f1-score": 0.7304189124148339,
            "support": 93411.0
        },
        "weighted avg": {
            "precision": 0.8446062760836762,
            "recall": 0.8432197492800634,
            "f1-score": 0.8217718343001775,
            "support": 93411.0
        }
    }
}