{
    "index": 8,
    "params": {
        "n_estimators": 50,
        "max_depth": null,
        "min_samples_split": 10,
        "min_samples_leaf": 4
    },
    "auc": 0.715839283298298,
    "report": {
        "benign": {
            "precision": 0.8521827110529823,
            "recall": 0.9703960771640932,
            "f1-score": 0.9074557052667538,
            "support": 71173.0
        },
        "malicious": {
            "precision": 0.8295996765062676,
            "recall": 0.46128248943250294,
            "f1-score": 0.59289656966159,
            "support": 22238.0
        },
        "accuracy": 0.8491933498196144,
        "macro avg": {
            "precision": 0.840891193779625,
            "recall": 0.715839283298298,
            "f1-score": 0.7501761374641719,
            "support": 93411.0
        },
        "weighted avg": {
            "precision": 0.8468064542711274,
            "recall": 0.8491933498196144,
            "f1-score": 0.8325698132670147,
            "support": 93411.0
        }
    }
}