{
    "index": 9,
    "params": {
        "n_estimators": 50,
        "max_depth": 10,
        "min_samples_split": 2,
        "min_samples_leaf": 1
    },
    "auc": 0.5784598225538484,
    "report": {
        "benign": {
            "precision": 0.791645713902578,
            "recall": 0.9953493600101162,
            "f1-score": 0.8818872152371467,
            "support": 71173.0
        },
        "malicious": {
            "precision": 0.9156472986748216,
            "recall": 0.16157028509758073,
            "f1-score": 0.2746731901230793,
            "support": 22238.0
        },
        "accuracy": 0.7968547601460213,
        "macro avg": {
            "precision": 0.8536465062886998,
            "recall": 0.5784598225538484,
            "f1-score": 0.578280202680113,
            "support": 93411.0
        },
        "weighted avg": {
            "precision": 0.8211662975829277,
            "recall": 0.7968547601460213,
            "f1-score": 0.7373300914456593,
            "support": 93411.0
        }
    }
}