{
    "index": 0,
    "params": {
        "n_estimators": 50,
        "max_depth": null,
        "min_samples_split": 2,
        "min_samples_leaf": 1
    },
    "auc": 0.7276776776322681,
    "report": {
        "benign": {
            "precision": 0.858523516819189,
            "recall": 0.9635395444901859,
            "f1-score": 0.9080051902656039,
            "support": 71173.0
        },
        "malicious": {
            "precision": 0.8082323381613952,
            "recall": 0.4918158107743502,
            "f1-score": 0.6115180318702823,
            "support": 22238.0
        },
        "accuracy": 0.8512380768860198,
        "macro avg": {
            "precision": 0.8333779274902922,
            "recall": 0.727677677632268,
            "f1-score": 0.759761611067943,
            "support": 93411.0
        },
        "weighted avg": {
            "precision": 0.8465508879961167,
            "recall": 0.8512380768860198,
            "f1-score": 0.8374216248568709,
            "support": 93411.0
        }
    }
}