{
    "index": 1,
    "params": {
        "n_estimators": 50,
        "max_depth": null,
        "min_samples_split": 2,
        "min_samples_leaf": 2
    },
    "auc": 0.7264494353782815,
    "report": {
        "benign": {
            "precision": 0.8578643398254869,
            "recall": 0.9641858569963329,
            "f1-score": 0.9079230255280584,
            "support": 71173.0
        },
        "malicious": {
            "precision": 0.8100171424312439,
            "recall": 0.48871301376023024,
            "f1-score": 0.609619969148787,
            "support": 22238.0
        },
        "accuracy": 0.8509918532078663,
        "macro avg": {
            "precision": 0.8339407411283655,
            "recall": 0.7264494353782815,
            "f1-score": 0.7587714973384228,
            "support": 93411.0
        },
        "weighted avg": {
            "precision": 0.8464735402873899,
            "recall": 0.8509918532078663,
            "f1-score": 0.83690715622185,
            "support": 93411.0
        }
    }
}