{
    "index": 10,
    "params": {
        "n_estimators": 50,
        "max_depth": 10,
        "min_samples_split": 2,
        "min_samples_leaf": 2
    },
    "auc": 0.5872935376898517,
    "report": {
        "benign": {
            "precision": 0.7952673390050143,
            "recall": 0.9916119876919618,
            "f1-score": 0.8826523593341588,
            "support": 71173.0
        },
        "malicious": {
            "precision": 0.8720531504500643,
            "recall": 0.1829750876877417,
            "f1-score": 0.30248290217068097,
            "support": 22238.0
        },
        "accuracy": 0.7991028893813362,
        "macro avg": {
            "precision": 0.8336602447275393,
            "recall": 0.5872935376898517,
            "f1-score": 0.5925676307524199,
            "support": 93411.0
        },
        "weighted avg": {
            "precision": 0.8135474438632753,
            "recall": 0.7991028893813362,
            "f1-score": 0.7445336325417957,
            "support": 93411.0
        }
    }
}