{
    "index": 11,
    "params": {
        "n_estimators": 50,
        "max_depth": 10,
        "min_samples_split": 2,
        "min_samples_leaf": 4
    },
    "auc": 0.5881282642912674,
    "report": {
        "benign": {
            "precision": 0.7956031567080045,
            "recall": 0.9915276860607253,
            "f1-score": 0.8828257429334534,
            "support": 71173.0
        },
        "malicious": {
            "precision": 0.8720016981532583,
            "recall": 0.18472884252180952,
            "f1-score": 0.30487216594307764,
            "support": 22238.0
        },
        "accuracy": 0.7994561668326,
        "macro avg": {
            "precision": 0.8338024274306315,
            "recall": 0.5881282642912674,
            "f1-score": 0.5938489544382655,
            "support": 93411.0
        },
        "weighted avg": {
            "precision": 0.8137910656765366,
            "recall": 0.7994561668326,
            "f1-score": 0.7452345422706623,
            "support": 93411.0
        }
    }
}