{
    "index": 12,
    "params": {
        "n_estimators": 50,
        "max_depth": 10,
        "min_samples_split": 5,
        "min_samples_leaf": 1
    },
    "auc": 0.5888407463247144,
    "report": {
        "benign": {
            "precision": 0.7958960359181463,
            "recall": 0.9912888314388884,
            "f1-score": 0.8829112934006595,
            "support": 71173.0
        },
        "malicious": {
            "precision": 0.869884575026233,
            "recall": 0.18639266121054052,
            "f1-score": 0.3070029256008592,
            "support": 22238.0
        },
        "accuracy": 0.7996702743788204,
        "macro avg": {
            "precision": 0.8328903054721897,
            "recall": 0.5888407463247144,
            "f1-score": 0.5949571095007593,
            "support": 93411.0
        },
        "weighted avg": {
            "precision": 0.8135102048349294,
            "recall": 0.7996702743788204,
            "f1-score": 0.7458069878784837,
            "support": 93411.0
        }
    }
}