{
    "index": 13,
    "params": {
        "n_estimators": 50,
        "max_depth": 10,
        "min_samples_split": 5,
        "min_samples_leaf": 2
    },
    "auc": 0.5883376277475226,
    "report": {
        "benign": {
            "precision": 0.795678198234757,
            "recall": 0.9917665406825622,
            "f1-score": 0.88296661371227,
            "support": 71173.0
        },
        "malicious": {
            "precision": 0.8752660706683695,
            "recall": 0.18490871481248314,
            "f1-score": 0.3053163053163053,
            "support": 22238.0
        },
        "accuracy": 0.7996809797561315,
        "macro avg": {
            "precision": 0.8354721344515632,
            "recall": 0.5883376277475226,
            "f1-score": 0.5941414595142877,
            "support": 93411.0
        },
        "weighted avg": {
            "precision": 0.8146253790504926,
            "recall": 0.7996809797561315,
            "f1-score": 0.7454476110454593,
            "support": 93411.0
        }
    }
}