{
    "index": 15,
    "params": {
        "n_estimators": 50,
        "max_depth": 10,
        "min_samples_split": 10,
        "min_samples_leaf": 1
    },
    "auc": 0.5889826936853448,
    "report": {
        "benign": {
            "precision": 0.7959602798465357,
            "recall": 0.9910780773607969,
            "f1-score": 0.8828672094522289,
            "support": 71173.0
        },
        "malicious": {
            "precision": 0.8674598204967647,
            "recall": 0.18688731000989298,
            "f1-score": 0.30752155092678235,
            "support": 22238.0
        },
        "accuracy": 0.7996274528695764,
        "macro avg": {
            "precision": 0.8317100501716502,
            "recall": 0.588982693685345,
            "f1-score": 0.5951943801895057,
            "support": 93411.0
        },
        "weighted avg": {
            "precision": 0.8129819024068315,
            "recall": 0.7996274528695764,
            "f1-score": 0.7458968659778107,
            "support": 93411.0
        }
    }
}