{
    "index": 16,
    "params": {
        "n_estimators": 50,
        "max_depth": 10,
        "min_samples_split": 10,
        "min_samples_leaf": 2
    },
    "auc": 0.5879497826224299,
    "report": {
        "benign": {
            "precision": 0.7955255001408847,
            "recall": 0.9917103395950712,
            "f1-score": 0.8828503170771367,
            "support": 71173.0
        },
        "malicious": {
            "precision": 0.8740930431071277,
            "recall": 0.18418922564978865,
            "f1-score": 0.3042638538107265,
            "support": 22238.0
        },
        "accuracy": 0.7994668722099111,
        "macro avg": {
            "precision": 0.8348092716240062,
            "recall": 0.5879497826224299,
            "f1-score": 0.5935570854439316,
            "support": 93411.0
        },
        "weighted avg": {
            "precision": 0.8142297750173265,
            "recall": 0.7994668722099111,
            "f1-score": 0.7451084475958291,
            "support": 93411.0
        }
    }
}