{
    "index": 17,
    "params": {
        "n_estimators": 50,
        "max_depth": 10,
        "min_samples_split": 10,
        "min_samples_leaf": 4
    },
    "auc": 0.5881633539575715,
    "report": {
        "benign": {
            "precision": 0.7955987244639255,
            "recall": 0.9920475461200174,
            "f1-score": 0.8830290145072536,
            "support": 71173.0
        },
        "malicious": {
            "precision": 0.8786449399656947,
            "recall": 0.18427916179512546,
            "f1-score": 0.3046613634674002,
            "support": 22238.0
        },
        "accuracy": 0.7997452120199976,
        "macro avg": {
            "precision": 0.8371218322148102,
            "recall": 0.5881633539575715,
            "f1-score": 0.5938451889873269,
            "support": 93411.0
        },
        "weighted avg": {
            "precision": 0.8153692198052487,
            "recall": 0.7997452120199976,
            "f1-score": 0.7453392368170002,
            "support": 93411.0
        }
    }
}