{
    "index": 18,
    "params": {
        "n_estimators": 50,
        "max_depth": 20,
        "min_samples_split": 2,
        "min_samples_leaf": 1
    },
    "auc": 0.7003814092817445,
    "report": {
        "benign": {
            "precision": 0.8448973109017826,
            "recall": 0.9716325010888961,
            "f1-score": 0.9038438917279868,
            "support": 71173.0
        },
        "malicious": {
            "precision": 0.8253762324857291,
            "recall": 0.429130317474593,
            "f1-score": 0.5646745562130178,
            "support": 22238.0
        },
        "accuracy": 0.8424810782456028,
        "macro avg": {
            "precision": 0.8351367716937559,
            "recall": 0.7003814092817445,
            "f1-score": 0.7342592239705024,
            "support": 93411.0
        },
        "weighted avg": {
            "precision": 0.8402500023212492,
            "recall": 0.8424810782456028,
            "f1-score": 0.823099143430871,
            "support": 93411.0
        }
    }
}