{
    "index": 19,
    "params": {
        "n_estimators": 50,
        "max_depth": 20,
        "min_samples_split": 2,
        "min_samples_leaf": 2
    },
    "auc": 0.6980696893914523,
    "report": {
        "benign": {
            "precision": 0.8437442866719483,
            "recall": 0.9726300703918621,
            "f1-score": 0.9036144578313253,
            "support": 71173.0
        },
        "malicious": {
            "precision": 0.8286116487770544,
            "recall": 0.42350930839104234,
            "f1-score": 0.5605285085108915,
            "support": 22238.0
        },
        "accuracy": 0.8419029878708075,
        "macro avg": {
            "precision": 0.8361779677245014,
            "recall": 0.6980696893914522,
            "f1-score": 0.7320714831711084,
            "support": 93411.0
        },
        "weighted avg": {
            "precision": 0.8401417173652644,
            "recall": 0.8419029878708075,
            "f1-score": 0.8219372962444906,
            "support": 93411.0
        }
    }
}