{
    "index": 21,
    "params": {
        "n_estimators": 50,
        "max_depth": 20,
        "min_samples_split": 5,
        "min_samples_leaf": 1
    },
    "auc": 0.7010277578012695,
    "report": {
        "benign": {
            "precision": 0.8451141039573132,
            "recall": 0.9724755174012617,
            "f1-score": 0.9043326016515104,
            "support": 71173.0
        },
        "malicious": {
            "precision": 0.829829742876998,
            "recall": 0.42957999820127707,
            "f1-score": 0.5661037037037037,
            "support": 22238.0
        },
        "accuracy": 0.8432304546573745,
        "macro avg": {
            "precision": 0.8374719234171556,
            "recall": 0.7010277578012694,
            "f1-score": 0.735218152677607,
            "support": 93411.0
        },
        "weighted avg": {
            "precision": 0.8414754144913611,
            "recall": 0.8432304546573745,
            "f1-score": 0.8238117397341418,
            "support": 93411.0
        }
    }
}