{
    "index": 22,
    "params": {
        "n_estimators": 50,
        "max_depth": 20,
        "min_samples_split": 5,
        "min_samples_leaf": 2
    },
    "auc": 0.6982481170402229,
    "report": {
        "benign": {
            "precision": 0.8437800762642691,
            "recall": 0.9731218299074087,
            "f1-score": 0.9038471576969254,
            "support": 71173.0
        },
        "malicious": {
            "precision": 0.8311264124293786,
            "recall": 0.4233744041730371,
            "f1-score": 0.5609843293809211,
            "support": 22238.0
        },
        "accuracy": 0.8422455599447602,
        "macro avg": {
            "precision": 0.8374532443468239,
            "recall": 0.6982481170402229,
            "f1-score": 0.7324157435389232,
            "support": 93411.0
        },
        "weighted avg": {
            "precision": 0.8407676668439621,
            "recall": 0.8422455599447602,
            "f1-score": 0.8222231136754364,
            "support": 93411.0
        }
    }
}