{
    "index": 23,
    "params": {
        "n_estimators": 50,
        "max_depth": 20,
        "min_samples_split": 5,
        "min_samples_leaf": 4
    },
    "auc": 0.6932355675595318,
    "report": {
        "benign": {
            "precision": 0.841478080244889,
            "recall": 0.9733044834417546,
            "f1-score": 0.9026033251680825,
            "support": 71173.0
        },
        "malicious": {
            "precision": 0.8286435786435786,
            "recall": 0.4131666516773091,
            "f1-score": 0.5514013082878233,
            "support": 22238.0
        },
        "accuracy": 0.8399546092002013,
        "macro avg": {
            "precision": 0.8350608294442339,
            "recall": 0.6932355675595319,
            "f1-score": 0.7270023167279529,
            "support": 93411.0
        },
        "weighted avg": {
            "precision": 0.8384226194682145,
            "recall": 0.8399546092002013,
            "f1-score": 0.8189940023754435,
            "support": 93411.0
        }
    }
}