{
    "index": 24,
    "params": {
        "n_estimators": 50,
        "max_depth": 20,
        "min_samples_split": 10,
        "min_samples_leaf": 1
    },
    "auc": 0.696959483826548,
    "report": {
        "benign": {
            "precision": 0.8431718597857838,
            "recall": 0.9733325839855002,
            "f1-score": 0.9035889208454801,
            "support": 71173.0
        },
        "malicious": {
            "precision": 0.8313038840991912,
            "recall": 0.420586383667596,
            "f1-score": 0.5585714712293589,
            "support": 22238.0
        },
        "accuracy": 0.8417424072111421,
        "macro avg": {
            "precision": 0.8372378719424876,
            "recall": 0.696959483826548,
            "f1-score": 0.7310801960374196,
            "support": 93411.0
        },
        "weighted avg": {
            "precision": 0.8403464961421182,
            "recall": 0.8417424072111421,
            "f1-score": 0.8214519343603414,
            "support": 93411.0
        }
    }
}