{
    "index": 25,
    "params": {
        "n_estimators": 50,
        "max_depth": 20,
        "min_samples_split": 10,
        "min_samples_leaf": 2
    },
    "auc": 0.697757604093001,
    "report": {
        "benign": {
            "precision": 0.8434633446069247,
            "recall": 0.9741193992103747,
            "f1-score": 0.9040952983288888,
            "support": 71173.0
        },
        "malicious": {
            "precision": 0.8357263890127531,
            "recall": 0.4213958089756273,
            "f1-score": 0.5602822038205136,
            "support": 22238.0
        },
        "accuracy": 0.8425346051321578,
        "macro avg": {
            "precision": 0.839594866809839,
            "recall": 0.697757604093001,
            "f1-score": 0.7321887510747012,
            "support": 93411.0
        },
        "weighted avg": {
            "precision": 0.8416214371388193,
            "recall": 0.8425346051321578,
            "f1-score": 0.8222450280643885,
            "support": 93411.0
        }
    }
}