{
    "index": 26,
    "params": {
        "n_estimators": 50,
        "max_depth": 20,
        "min_samples_split": 10,
        "min_samples_leaf": 4
    },
    "auc": 0.6939381351732367,
    "report": {
        "benign": {
            "precision": 0.8417314230208839,
            "recall": 0.9740350975791382,
            "f1-score": 0.9030631851132981,
            "support": 71173.0
        },
        "malicious": {
            "precision": 0.8327753144511809,
            "recall": 0.4138411727673352,
            "f1-score": 0.5529153774520111,
            "support": 22238.0
        },
        "accuracy": 0.8406718694800398,
        "macro avg": {
            "precision": 0.8372533687360324,
            "recall": 0.6939381351732367,
            "f1-score": 0.7279892812826546,
            "support": 93411.0
        },
        "weighted avg": {
            "precision": 0.8395992764602749,
            "recall": 0.8406718694800398,
            "f1-score": 0.819704833883018,
            "support": 93411.0
        }
    }
}