{
    "index": 27,
    "params": {
        "n_estimators": 100,
        "max_depth": null,
        "min_samples_split": 2,
        "min_samples_leaf": 1
    },
    "auc": 0.7294819270129709,
    "report": {
        "benign": {
            "precision": 0.8592523996045501,
            "recall": 0.9647197673274978,
            "f1-score": 0.9089368687202976,
            "support": 71173.0
        },
        "malicious": {
            "precision": 0.8140275514738557,
            "recall": 0.4942440866984441,
            "f1-score": 0.6150531617235591,
            "support": 22238.0
        },
        "accuracy": 0.8527154189549411,
        "macro avg": {
            "precision": 0.8366399755392029,
            "recall": 0.7294819270129709,
            "f1-score": 0.7619950152219284,
            "support": 93411.0
        },
        "weighted avg": {
            "precision": 0.8484858927399369,
            "recall": 0.8527154189549411,
            "f1-score": 0.8389730970425138,
            "support": 93411.0
        }
    }
}