{
    "index": 28,
    "params": {
        "n_estimators": 100,
        "max_depth": null,
        "min_samples_split": 2,
        "min_samples_leaf": 2
    },
    "auc": 0.7267977668779169,
    "report": {
        "benign": {
            "precision": 0.8577914141036195,
            "recall": 0.9663214983209925,
            "f1-score": 0.9088278240645916,
            "support": 71173.0
        },
        "malicious": {
            "precision": 0.8188619360689187,
            "recall": 0.48727403543484127,
            "f1-score": 0.6109779820134758,
            "support": 22238.0
        },
        "accuracy": 0.8522764984851892,
        "macro avg": {
            "precision": 0.838326675086269,
            "recall": 0.7267977668779169,
            "f1-score": 0.7599029030390336,
            "support": 93411.0
        },
        "weighted avg": {
            "precision": 0.8485236219534907,
            "recall": 0.8522764984851892,
            "f1-score": 0.8379198497624997,
            "support": 93411.0
        }
    }
}