{
    "index": 29,
    "params": {
        "n_estimators": 100,
        "max_depth": null,
        "min_samples_split": 2,
        "min_samples_leaf": 4
    },
    "auc": 0.718635881621712,
    "report": {
        "benign": {
            "precision": 0.8536860224641181,
            "recall": 0.9685695418206343,
            "f1-score": 0.907506384771333,
            "support": 71173.0
        },
        "malicious": {
            "precision": 0.8233017377567141,
            "recall": 0.46870222142278983,
            "f1-score": 0.5973408218236002,
            "support": 22238.0
        },
        "accuracy": 0.8495680380255002,
        "macro avg": {
            "precision": 0.838493880110416,
            "recall": 0.718635881621712,
            "f1-score": 0.7524236032974666,
            "support": 93411.0
        },
        "weighted avg": {
            "precision": 0.8464525518522711,
            "recall": 0.8495680380255002,
            "f1-score": 0.833666453833524,
            "support": 93411.0
        }
    }
}