{
    "index": 3,
    "params": {
        "n_estimators": 50,
        "max_depth": null,
        "min_samples_split": 5,
        "min_samples_leaf": 1
    },
    "auc": 0.7275610855850887,
    "report": {
        "benign": {
            "precision": 0.8585296807084789,
            "recall": 0.9629915838871482,
            "f1-score": 0.9077652543607538,
            "support": 71173.0
        },
        "malicious": {
            "precision": 0.8060097216084843,
            "recall": 0.49213058728302905,
            "f1-score": 0.6111235202144293,
            "support": 22238.0
        },
        "accuracy": 0.8508955048120671,
        "macro avg": {
            "precision": 0.8322697011584816,
            "recall": 0.7275610855850887,
            "f1-score": 0.7594443872875916,
            "support": 93411.0
        },
        "weighted avg": {
            "precision": 0.8460264546380409,
            "recall": 0.8508955048120671,
            "f1-score": 0.8371448896933595,
            "support": 93411.0
        }
    }
}