{
    "index": 30,
    "params": {
        "n_estimators": 100,
        "max_depth": null,
        "min_samples_split": 5,
        "min_samples_leaf": 1
    },
    "auc": 0.7298233414168034,
    "report": {
        "benign": {
            "precision": 0.8593277142785684,
            "recall": 0.9654925322804996,
            "f1-score": 0.9093218825055082,
            "support": 71173.0
        },
        "malicious": {
            "precision": 0.81732986240238,
            "recall": 0.4941541505531073,
            "f1-score": 0.6159235490289494,
            "support": 22238.0
        },
        "accuracy": 0.8532828039524253,
        "macro avg": {
            "precision": 0.8383287883404742,
            "recall": 0.7298233414168034,
            "f1-score": 0.7626227157672287,
            "support": 93411.0
        },
        "weighted avg": {
            "precision": 0.8493294460872133,
            "recall": 0.8532828039524253,
            "f1-score": 0.8394736618478584,
            "support": 93411.0
        }
    }
}