{
    "index": 31,
    "params": {
        "n_estimators": 100,
        "max_depth": null,
        "min_samples_split": 5,
        "min_samples_leaf": 2
    },
    "auc": 0.7263733694379283,
    "report": {
        "benign": {
            "precision": 0.8575738685949383,
            "recall": 0.9664620010397201,
            "f1-score": 0.9087678272989702,
            "support": 71173.0
        },
        "malicious": {
            "precision": 0.8191803651238543,
            "recall": 0.48628473783613635,
            "f1-score": 0.6102881006800418,
            "support": 22238.0
        },
        "accuracy": 0.8521480339574569,
        "macro avg": {
            "precision": 0.8383771168593963,
            "recall": 0.7263733694379282,
            "f1-score": 0.7595279639895061,
            "support": 93411.0
        },
        "weighted avg": {
            "precision": 0.8484336738620913,
            "recall": 0.8521480339574569,
            "f1-score": 0.8377098987835733,
            "support": 93411.0
        }
    }
}