{
    "index": 33,
    "params": {
        "n_estimators": 100,
        "max_depth": null,
        "min_samples_split": 10,
        "min_samples_leaf": 1
    },
    "auc": 0.7258210569024928,
    "report": {
        "benign": {
            "precision": 0.8572442739534941,
            "recall": 0.9670661627302488,
            "f1-score": 0.9088496276342893,
            "support": 71173.0
        },
        "malicious": {
            "precision": 0.8213414634146341,
            "recall": 0.48457595107473694,
            "f1-score": 0.609536738503309,
            "support": 22238.0
        },
        "accuracy": 0.852201560844012,
        "macro avg": {
            "precision": 0.8392928686840642,
            "recall": 0.7258210569024929,
            "f1-score": 0.7591931830687992,
            "support": 93411.0
        },
        "weighted avg": {
            "precision": 0.8486970289741751,
            "recall": 0.852201560844012,
            "f1-score": 0.8375933513017938,
            "support": 93411.0
        }
    }
}