{
    "index": 34,
    "params": {
        "n_estimators": 100,
        "max_depth": null,
        "min_samples_split": 10,
        "min_samples_leaf": 2
    },
    "auc": 0.722132176281714,
    "report": {
        "benign": {
            "precision": 0.8553696440097314,
            "recall": 0.968232335295688,
            "f1-score": 0.9083084547605396,
            "support": 71173.0
        },
        "malicious": {
            "precision": 0.8240056044212657,
            "recall": 0.4760320172677399,
            "f1-score": 0.6034487672794642,
            "support": 22238.0
        },
        "accuracy": 0.8510560854717325,
        "macro avg": {
            "precision": 0.8396876242154985,
            "recall": 0.7221321762817139,
            "f1-score": 0.7558786110200019,
            "support": 93411.0
        },
        "weighted avg": {
            "precision": 0.847902926895384,
            "recall": 0.8510560854717325,
            "f1-score": 0.8357316733300426,
            "support": 93411.0
        }
    }
}