{
    "index": 35,
    "params": {
        "n_estimators": 100,
        "max_depth": null,
        "min_samples_split": 10,
        "min_samples_leaf": 4
    },
    "auc": 0.7169397004902825,
    "report": {
        "benign": {
            "precision": 0.8528346213292117,
            "recall": 0.9690894018799264,
            "f1-score": 0.9072529727454488,
            "support": 71173.0
        },
        "malicious": {
            "precision": 0.824505424377792,
            "recall": 0.46478999910063856,
            "f1-score": 0.5944671306148271,
            "support": 22238.0
        },
        "accuracy": 0.8490327691599491,
        "macro avg": {
            "precision": 0.8386700228535018,
            "recall": 0.7169397004902824,
            "f1-score": 0.750860051680138,
            "support": 93411.0
        },
        "weighted avg": {
            "precision": 0.8460903976103171,
            "recall": 0.8490327691599491,
            "f1-score": 0.8327892419503522,
            "support": 93411.0
        }
    }
}