{
    "index": 36,
    "params": {
        "n_estimators": 100,
        "max_depth": 10,
        "min_samples_split": 2,
        "min_samples_leaf": 1
    },
    "auc": 0.5875956005284272,
    "report": {
        "benign": {
            "precision": 0.7953585785224471,
            "recall": 0.9924409537324548,
            "f1-score": 0.883036841644685,
            "support": 71173.0
        },
        "malicious": {
            "precision": 0.8830943068231204,
            "recall": 0.18275024732439968,
            "f1-score": 0.3028315946348733,
            "support": 22238.0
        },
        "accuracy": 0.7996809797561315,
        "macro avg": {
            "precision": 0.8392264426727838,
            "recall": 0.5875956005284272,
            "f1-score": 0.5929342181397792,
            "support": 93411.0
        },
        "weighted avg": {
            "precision": 0.8162454882648796,
            "recall": 0.7996809797561315,
            "f1-score": 0.7449095945002995,
            "support": 93411.0
        }
    }
}