{
    "index": 37,
    "params": {
        "n_estimators": 100,
        "max_depth": 10,
        "min_samples_split": 2,
        "min_samples_leaf": 2
    },
    "auc": 0.5871515543158434,
    "report": {
        "benign": {
            "precision": 0.795187641448887,
            "recall": 0.9922723504699816,
            "f1-score": 0.8828647506656833,
            "support": 71173.0
        },
        "malicious": {
            "precision": 0.8803827751196173,
            "recall": 0.1820307581617052,
            "f1-score": 0.3016843046653749,
            "support": 22238.0
        },
        "accuracy": 0.7993812291914228,
        "macro avg": {
            "precision": 0.8377852082842521,
            "recall": 0.5871515543158434,
            "f1-score": 0.592274527665529,
            "support": 93411.0
        },
        "weighted avg": {
            "precision": 0.815469721531208,
            "recall": 0.7993812291914228,
            "f1-score": 0.7445053416222638,
            "support": 93411.0
        }
    }
}