{
    "index": 38,
    "params": {
        "n_estimators": 100,
        "max_depth": 10,
        "min_samples_split": 2,
        "min_samples_leaf": 4
    },
    "auc": 0.5872681463630228,
    "report": {
        "benign": {
            "precision": 0.7952148910071012,
            "recall": 0.9928203110730193,
            "f1-score": 0.8830983803239352,
            "support": 71173.0
        },
        "malicious": {
            "precision": 0.8877416520210897,
            "recall": 0.18171598165302635,
            "f1-score": 0.3016797312430011,
            "support": 22238.0
        },
        "accuracy": 0.7997238012653756,
        "macro avg": {
            "precision": 0.8414782715140954,
            "recall": 0.5872681463630228,
            "f1-score": 0.5923890557834681,
            "support": 93411.0
        },
        "weighted avg": {
            "precision": 0.8172423836089262,
            "recall": 0.7997238012653756,
            "f1-score": 0.7446822631828938,
            "support": 93411.0
        }
    }
}