{
    "index": 39,
    "params": {
        "n_estimators": 100,
        "max_depth": 10,
        "min_samples_split": 5,
        "min_samples_leaf": 1
    },
    "auc": 0.5878035733628463,
    "report": {
        "benign": {
            "precision": 0.7954394459771409,
            "recall": 0.9924971548199457,
            "f1-score": 0.8831089274775281,
            "support": 71173.0
        },
        "malicious": {
            "precision": 0.8840642640034737,
            "recall": 0.18310999190574692,
            "f1-score": 0.3033825063328863,
            "support": 22238.0
        },
        "accuracy": 0.7998094442838638,
        "macro avg": {
            "precision": 0.8397518549903074,
            "recall": 0.5878035733628463,
            "f1-score": 0.5932457169052072,
            "support": 93411.0
        },
        "weighted avg": {
            "precision": 0.8165380179148097,
            "recall": 0.7998094442838638,
            "f1-score": 0.7450956725780564,
            "support": 93411.0
        }
    }
}