{
    "index": 4,
    "params": {
        "n_estimators": 50,
        "max_depth": null,
        "min_samples_split": 5,
        "min_samples_leaf": 2
    },
    "auc": 0.7257172505521725,
    "report": {
        "benign": {
            "precision": 0.8574478978060263,
            "recall": 0.9647900186868615,
            "f1-score": 0.9079573702861374,
            "support": 71173.0
        },
        "malicious": {
            "precision": 0.8119747899159664,
            "recall": 0.4866444824174836,
            "f1-score": 0.6085587358713378,
            "support": 22238.0
        },
        "accuracy": 0.8509597370759332,
        "macro avg": {
            "precision": 0.8347113438609963,
            "recall": 0.7257172505521725,
            "f1-score": 0.7582580530787376,
            "support": 93411.0
        },
        "weighted avg": {
            "precision": 0.8466222886886937,
            "recall": 0.8509597370759332,
            "f1-score": 0.836680680901415,
            "support": 93411.0
        }
    }
}