{
    "index": 40,
    "params": {
        "n_estimators": 100,
        "max_depth": 10,
        "min_samples_split": 5,
        "min_samples_leaf": 2
    },
    "auc": 0.5878457241784646,
    "report": {
        "benign": {
            "precision": 0.7954532659242661,
            "recall": 0.9925814564511823,
            "f1-score": 0.8831508150815082,
            "support": 71173.0
        },
        "malicious": {
            "precision": 0.8852173913043478,
            "recall": 0.18310999190574692,
            "f1-score": 0.3034503316193457,
            "support": 22238.0
        },
        "accuracy": 0.7998736765477299,
        "macro avg": {
            "precision": 0.8403353286143069,
            "recall": 0.5878457241784646,
            "f1-score": 0.593300573350427,
            "support": 93411.0
        },
        "weighted avg": {
            "precision": 0.8168230684122201,
            "recall": 0.7998736765477299,
            "f1-score": 0.7451437350670391,
            "support": 93411.0
        }
    }
}