{
    "index": 42,
    "params": {
        "n_estimators": 100,
        "max_depth": 10,
        "min_samples_split": 10,
        "min_samples_leaf": 1
    },
    "auc": 0.588437388279157,
    "report": {
        "benign": {
            "precision": 0.7957124984502327,
            "recall": 0.9919210936731626,
            "f1-score": 0.8830489818381948,
            "support": 71173.0
        },
        "malicious": {
            "precision": 0.8773464163822525,
            "recall": 0.18495368288515154,
            "f1-score": 0.30550397385426725,
            "support": 22238.0
        },
        "accuracy": 0.7998094442838638,
        "macro avg": {
            "precision": 0.8365294574162426,
            "recall": 0.588437388279157,
            "f1-score": 0.594276477846231,
            "support": 93411.0
        },
        "weighted avg": {
            "precision": 0.815146773503195,
            "recall": 0.7998094442838638,
            "f1-score": 0.7455550476382977,
            "support": 93411.0
        }
    }
}