{
    "index": 43,
    "params": {
        "n_estimators": 100,
        "max_depth": 10,
        "min_samples_split": 10,
        "min_samples_leaf": 2
    },
    "auc": 0.5876405505944066,
    "report": {
        "benign": {
            "precision": 0.7953685774755708,
            "recall": 0.9926657580824189,
            "f1-score": 0.8831319804251223,
            "support": 71173.0
        },
        "malicious": {
            "precision": 0.8861008073314423,
            "recall": 0.18261534310639446,
            "f1-score": 0.3028224152716155,
            "support": 22238.0
        },
        "accuracy": 0.7998201496611748,
        "macro avg": {
            "precision": 0.8407346924035065,
            "recall": 0.5876405505944067,
            "f1-score": 0.5929771978483689,
            "support": 93411.0
        },
        "weighted avg": {
            "precision": 0.8169688528985388,
            "recall": 0.7998201496611748,
            "f1-score": 0.7449798986586956,
            "support": 93411.0
        }
    }
}