{
    "index": 44,
    "params": {
        "n_estimators": 100,
        "max_depth": 10,
        "min_samples_split": 10,
        "min_samples_leaf": 4
    },
    "auc": 0.5877656124194254,
    "report": {
        "benign": {
            "precision": 0.7954159114703532,
            "recall": 0.9927360094417828,
            "f1-score": 0.8831889601379983,
            "support": 71173.0
        },
        "malicious": {
            "precision": 0.887167175905718,
            "recall": 0.18279521539706808,
            "f1-score": 0.30313199105145416,
            "support": 22238.0
        },
        "accuracy": 0.7999164980569741,
        "macro avg": {
            "precision": 0.8412915436880356,
            "recall": 0.5877656124194254,
            "f1-score": 0.5931604755947262,
            "support": 93411.0
        },
        "weighted avg": {
            "precision": 0.8172587845636039,
            "recall": 0.7999164980569741,
            "f1-score": 0.7450970129524787,
            "support": 93411.0
        }
    }
}