{
    "index": 45,
    "params": {
        "n_estimators": 100,
        "max_depth": 20,
        "min_samples_split": 2,
        "min_samples_leaf": 1
    },
    "auc": 0.7008660716345991,
    "report": {
        "benign": {
            "precision": 0.8449428062730178,
            "recall": 0.9735011872479733,
            "f1-score": 0.9046776562755019,
            "support": 71173.0
        },
        "malicious": {
            "precision": 0.8346919098956964,
            "recall": 0.4282309560212249,
            "f1-score": 0.5660534371563587,
            "support": 22238.0
        },
        "accuracy": 0.8436907858817484,
        "macro avg": {
            "precision": 0.8398173580843571,
            "recall": 0.7008660716345991,
            "f1-score": 0.7353655467159304,
            "support": 93411.0
        },
        "weighted avg": {
            "precision": 0.8425024145243064,
            "recall": 0.8436907858817484,
            "f1-score": 0.824062681756746,
            "support": 93411.0
        }
    }
}