{
    "index": 46,
    "params": {
        "n_estimators": 100,
        "max_depth": 20,
        "min_samples_split": 2,
        "min_samples_leaf": 2
    },
    "auc": 0.6992443137280417,
    "report": {
        "benign": {
            "precision": 0.8440872644092131,
            "recall": 0.9747095106290307,
            "f1-score": 0.9047078768909755,
            "support": 71173.0
        },
        "malicious": {
            "precision": 0.8396293656450463,
            "recall": 0.42377911682705277,
            "f1-score": 0.5632657940350249,
            "support": 22238.0
        },
        "accuracy": 0.8435516159767051,
        "macro avg": {
            "precision": 0.8418583150271297,
            "recall": 0.6992443137280417,
            "f1-score": 0.7339868354630001,
            "support": 93411.0
        },
        "weighted avg": {
            "precision": 0.8430259894767368,
            "recall": 0.8435516159767051,
            "f1-score": 0.8234220643148268,
            "support": 93411.0
        }
    }
}