{
    "index": 48,
    "params": {
        "n_estimators": 100,
        "max_depth": 20,
        "min_samples_split": 5,
        "min_samples_leaf": 1
    },
    "auc": 0.7005906106777995,
    "report": {
        "benign": {
            "precision": 0.8447794664294158,
            "recall": 0.9738945948604105,
            "f1-score": 0.904753824466141,
            "support": 71173.0
        },
        "malicious": {
            "precision": 0.836443661971831,
            "recall": 0.4272866264951884,
            "f1-score": 0.5656289064825287,
            "support": 22238.0
        },
        "accuracy": 0.8437657235229256,
        "macro avg": {
            "precision": 0.8406115642006233,
            "recall": 0.7005906106777995,
            "f1-score": 0.735191365474335,
            "support": 93411.0
        },
        "weighted avg": {
            "precision": 0.8427949932996155,
            "recall": 0.8437657235229256,
            "f1-score": 0.824019650481069,
            "support": 93411.0
        }
    }
}