{
    "index": 49,
    "params": {
        "n_estimators": 100,
        "max_depth": 20,
        "min_samples_split": 5,
        "min_samples_leaf": 2
    },
    "auc": 0.6992584000132923,
    "report": {
        "benign": {
            "precision": 0.8441330785056058,
            "recall": 0.9742880024728479,
            "f1-score": 0.9045525697886773,
            "support": 71173.0
        },
        "malicious": {
            "precision": 0.8375355113636364,
            "recall": 0.4242287975537368,
            "f1-score": 0.5631902572980717,
            "support": 22238.0
        },
        "accuracy": 0.8433375084304846,
        "macro avg": {
            "precision": 0.840834294934621,
            "recall": 0.6992584000132923,
            "f1-score": 0.7338714135433745,
            "support": 93411.0
        },
        "weighted avg": {
            "precision": 0.8425624208945843,
            "recall": 0.8433375084304846,
            "f1-score": 0.8232857478387346,
            "support": 93411.0
        }
    }
}