{
    "index": 5,
    "params": {
        "n_estimators": 50,
        "max_depth": null,
        "min_samples_split": 5,
        "min_samples_leaf": 4
    },
    "auc": 0.718395654384728,
    "report": {
        "benign": {
            "precision": 0.8536670013262435,
            "recall": 0.9676843746926503,
            "f1-score": 0.9071069198956879,
            "support": 71173.0
        },
        "malicious": {
            "precision": 0.8193528118127552,
            "recall": 0.4691069340768055,
            "f1-score": 0.5966256791535602,
            "support": 22238.0
        },
        "accuracy": 0.8489899476507049,
        "macro avg": {
            "precision": 0.8365099065694994,
            "recall": 0.7183956543847279,
            "f1-score": 0.7518662995246241,
            "support": 93411.0
        },
        "weighted avg": {
            "precision": 0.8454979532869231,
            "recall": 0.8489899476507049,
            "f1-score": 0.8331918367510536,
            "support": 93411.0
        }
    }
}