{
    "index": 50,
    "params": {
        "n_estimators": 100,
        "max_depth": 20,
        "min_samples_split": 5,
        "min_samples_leaf": 4
    },
    "auc": 0.6927126741629225,
    "report": {
        "benign": {
            "precision": 0.8410840029572532,
            "recall": 0.975046717153977,
            "f1-score": 0.9031246339844614,
            "support": 71173.0
        },
        "malicious": {
            "precision": 0.837094111172262,
            "recall": 0.41037863117186796,
            "f1-score": 0.5507543753771877,
            "support": 22238.0
        },
        "accuracy": 0.8406183425934847,
        "macro avg": {
            "precision": 0.8390890570647576,
            "recall": 0.6927126741629225,
            "f1-score": 0.7269395046808246,
            "support": 93411.0
        },
        "weighted avg": {
            "precision": 0.8401341446588233,
            "recall": 0.8406183425934847,
            "f1-score": 0.8192371923458049,
            "support": 93411.0
        }
    }
}