{
    "index": 51,
    "params": {
        "n_estimators": 100,
        "max_depth": 20,
        "min_samples_split": 10,
        "min_samples_leaf": 1
    },
    "auc": 0.6979120850568458,
    "report": {
        "benign": {
            "precision": 0.8434219479004665,
            "recall": 0.9753277225914322,
            "f1-score": 0.904591567466135,
            "support": 71173.0
        },
        "malicious": {
            "precision": 0.8419015035563159,
            "recall": 0.4204964475222592,
            "f1-score": 0.560863697705803,
            "support": 22238.0
        },
        "accuracy": 0.8432411600346854,
        "macro avg": {
            "precision": 0.8426617257283913,
            "recall": 0.6979120850568457,
            "f1-score": 0.7327276325859691,
            "support": 93411.0
        },
        "weighted avg": {
            "precision": 0.8430599815225751,
            "recall": 0.8432411600346854,
            "f1-score": 0.8227615863318976,
            "support": 93411.0
        }
    }
}