{
    "index": 52,
    "params": {
        "n_estimators": 100,
        "max_depth": 20,
        "min_samples_split": 10,
        "min_samples_leaf": 2
    },
    "auc": 0.6964632643384703,
    "report": {
        "benign": {
            "precision": 0.8427556904400607,
            "recall": 0.975397973950796,
            "f1-score": 0.9042384140464219,
            "support": 71173.0
        },
        "malicious": {
            "precision": 0.8413374411018485,
            "recall": 0.4175285547261444,
            "f1-score": 0.5580934062631484,
            "support": 22238.0
        },
        "accuracy": 0.842588132018713,
        "macro avg": {
            "precision": 0.8420465657709546,
            "recall": 0.6964632643384702,
            "f1-score": 0.7311659101547852,
            "support": 93411.0
        },
        "weighted avg": {
            "precision": 0.8424180532369137,
            "recall": 0.842588132018713,
            "f1-score": 0.8218329940949769,
            "support": 93411.0
        }
    }
}