{
    "index": 53,
    "params": {
        "n_estimators": 100,
        "max_depth": 20,
        "min_samples_split": 10,
        "min_samples_leaf": 4
    },
    "auc": 0.6941530251034587,
    "report": {
        "benign": {
            "precision": 0.841700714086539,
            "recall": 0.975454175038287,
            "f1-score": 0.9036549174780029,
            "support": 71173.0
        },
        "malicious": {
            "precision": 0.8401354319180088,
            "recall": 0.41285187516863026,
            "f1-score": 0.5536392691310378,
            "support": 22238.0
        },
        "accuracy": 0.8415175942876106,
        "macro avg": {
            "precision": 0.8409180730022738,
            "recall": 0.6941530251034587,
            "f1-score": 0.7286470933045204,
            "support": 93411.0
        },
        "weighted avg": {
            "precision": 0.8413280733390491,
            "recall": 0.8415175942876106,
            "f1-score": 0.8203280289109196,
            "support": 93411.0
        }
    }
}