{
    "index": 54,
    "params": {
        "n_estimators": 200,
        "max_depth": null,
        "min_samples_split": 2,
        "min_samples_leaf": 1
    },
    "auc": 0.731495575863307,
    "report": {
        "benign": {
            "precision": 0.8601051182580403,
            "recall": 0.9656892360867183,
            "f1-score": 0.9098442577920746,
            "support": 71173.0
        },
        "malicious": {
            "precision": 0.8191245092956078,
            "recall": 0.4973019156398957,
            "f1-score": 0.6188757379893114,
            "support": 22238.0
        },
        "accuracy": 0.8541820556465513,
        "macro avg": {
            "precision": 0.839614813776824,
            "recall": 0.731495575863307,
            "f1-score": 0.764359997890693,
            "support": 93411.0
        },
        "weighted avg": {
            "precision": 0.8503490212019487,
            "recall": 0.8541820556465513,
            "f1-score": 0.8405744935954184,
            "support": 93411.0
        }
    }
}