{
    "index": 55,
    "params": {
        "n_estimators": 200,
        "max_depth": null,
        "min_samples_split": 2,
        "min_samples_leaf": 2
    },
    "auc": 0.7273232794579982,
    "report": {
        "benign": {
            "precision": 0.8579692077541607,
            "recall": 0.9669678108271395,
            "f1-score": 0.9092134118952625,
            "support": 71173.0
        },
        "malicious": {
            "precision": 0.8218399515004546,
            "recall": 0.4876787480888569,
            "f1-score": 0.6121239487497884,
            "support": 22238.0
        },
        "accuracy": 0.8528652942372954,
        "macro avg": {
            "precision": 0.8399045796273077,
            "recall": 0.7273232794579982,
            "f1-score": 0.7606686803225254,
            "support": 93411.0
        },
        "weighted avg": {
            "precision": 0.8493680537083854,
            "recall": 0.8528652942372954,
            "f1-score": 0.8384864580950777,
            "support": 93411.0
        }
    }
}