{
    "index": 56,
    "params": {
        "n_estimators": 200,
        "max_depth": null,
        "min_samples_split": 2,
        "min_samples_leaf": 4
    },
    "auc": 0.7181678707175132,
    "report": {
        "benign": {
            "precision": 0.85338429568057,
            "recall": 0.9693423067736361,
            "f1-score": 0.9076747995290001,
            "support": 71173.0
        },
        "malicious": {
            "precision": 0.826370653298321,
            "recall": 0.4669934346613904,
            "f1-score": 0.5967533400373509,
            "support": 22238.0
        },
        "accuracy": 0.8497500294397876,
        "macro avg": {
            "precision": 0.8398774744894455,
            "recall": 0.7181678707175132,
            "f1-score": 0.7522140697831755,
            "support": 93411.0
        },
        "weighted avg": {
            "precision": 0.8469532610133845,
            "recall": 0.8497500294397876,
            "f1-score": 0.8336549151880199,
            "support": 93411.0
        }
    }
}