{
    "index": 57,
    "params": {
        "n_estimators": 200,
        "max_depth": null,
        "min_samples_split": 5,
        "min_samples_leaf": 1
    },
    "auc": 0.7302884270238186,
    "report": {
        "benign": {
            "precision": 0.8594747959553539,
            "recall": 0.9661528950585194,
            "f1-score": 0.909697049874322,
            "support": 71173.0
        },
        "malicious": {
            "precision": 0.8202775290957923,
            "recall": 0.49442395898911773,
            "f1-score": 0.6169687447393525,
            "support": 22238.0
        },
        "accuracy": 0.8538501889499095,
        "macro avg": {
            "precision": 0.8398761625255731,
            "recall": 0.7302884270238186,
            "f1-score": 0.7633328973068372,
            "support": 93411.0
        },
        "weighted avg": {
            "precision": 0.8501432523424718,
            "recall": 0.8538501889499095,
            "f1-score": 0.8400083403048766,
            "support": 93411.0
        }
    }
}