{
    "index": 58,
    "params": {
        "n_estimators": 200,
        "max_depth": null,
        "min_samples_split": 5,
        "min_samples_leaf": 2
    },
    "auc": 0.726342379610377,
    "report": {
        "benign": {
            "precision": 0.8574559764875838,
            "recall": 0.9673893189833224,
            "f1-score": 0.9091113150372019,
            "support": 71173.0
        },
        "malicious": {
            "precision": 0.8230000762601998,
            "recall": 0.48529544023743143,
            "f1-score": 0.6105626432066985,
            "support": 22238.0
        },
        "accuracy": 0.8526190705591419,
        "macro avg": {
            "precision": 0.8402280263738917,
            "recall": 0.726342379610377,
            "f1-score": 0.7598369791219501,
            "support": 93411.0
        },
        "weighted avg": {
            "precision": 0.84925319191985,
            "recall": 0.8526190705591419,
            "f1-score": 0.8380369729986118,
            "support": 93411.0
        }
    }
}