{
    "index": 6,
    "params": {
        "n_estimators": 50,
        "max_depth": null,
        "min_samples_split": 10,
        "min_samples_leaf": 1
    },
    "auc": 0.7248473442510083,
    "report": {
        "benign": {
            "precision": 0.856957573641284,
            "recall": 0.9654784820086268,
            "f1-score": 0.9079869713726967,
            "support": 71173.0
        },
        "malicious": {
            "precision": 0.8142155009451796,
            "recall": 0.4842162064933897,
            "f1-score": 0.6072808279051406,
            "support": 22238.0
        },
        "accuracy": 0.8509062101893782,
        "macro avg": {
            "precision": 0.8355865372932318,
            "recall": 0.7248473442510083,
            "f1-score": 0.7576338996389187,
            "support": 93411.0
        },
        "weighted avg": {
            "precision": 0.8467821316417767,
            "recall": 0.8509062101893782,
            "f1-score": 0.8363990083016289,
            "support": 93411.0
        }
    }
}