{
    "index": 60,
    "params": {
        "n_estimators": 200,
        "max_depth": null,
        "min_samples_split": 10,
        "min_samples_leaf": 1
    },
    "auc": 0.7263297019536513,
    "report": {
        "benign": {
            "precision": 0.8574078223417233,
            "recall": 0.9677686763238869,
            "f1-score": 0.9092517177424145,
            "support": 71173.0
        },
        "malicious": {
            "precision": 0.8245775024852795,
            "recall": 0.4848907275834158,
            "f1-score": 0.6106753504176695,
            "support": 22238.0
        },
        "accuracy": 0.8528117673507403,
        "macro avg": {
            "precision": 0.8409926624135013,
            "recall": 0.7263297019536513,
            "f1-score": 0.759963534080042,
            "support": 93411.0
        },
        "weighted avg": {
            "precision": 0.849592033484227,
            "recall": 0.8528117673507403,
            "f1-score": 0.8381707823432893,
            "support": 93411.0
        }
    }
}