{
    "index": 61,
    "params": {
        "n_estimators": 200,
        "max_depth": null,
        "min_samples_split": 10,
        "min_samples_leaf": 2
    },
    "auc": 0.7221728824554293,
    "report": {
        "benign": {
            "precision": 0.8553264860573584,
            "recall": 0.9688083964424712,
            "f1-score": 0.9085375093056809,
            "support": 71173.0
        },
        "malicious": {
            "precision": 0.8264947245017585,
            "recall": 0.47553736846838746,
            "f1-score": 0.6037164958753175,
            "support": 22238.0
        },
        "accuracy": 0.8513772467910632,
        "macro avg": {
            "precision": 0.8409106052795585,
            "recall": 0.7221728824554293,
            "f1-score": 0.7561270025904991,
            "support": 93411.0
        },
        "weighted avg": {
            "precision": 0.8484626187026204,
            "recall": 0.8513772467910632,
            "f1-score": 0.8359699348587268,
            "support": 93411.0
        }
    }
}