{
    "index": 62,
    "params": {
        "n_estimators": 200,
        "max_depth": null,
        "min_samples_split": 10,
        "min_samples_leaf": 4
    },
    "auc": 0.7172291036788213,
    "report": {
        "benign": {
            "precision": 0.8528670603058527,
            "recall": 0.9700729209110196,
            "f1-score": 0.9077021173098793,
            "support": 71173.0
        },
        "malicious": {
            "precision": 0.8290118005940436,
            "recall": 0.4643852864466229,
            "f1-score": 0.5953019167026949,
            "support": 22238.0
        },
        "accuracy": 0.8496857971759215,
        "macro avg": {
            "precision": 0.8409394304499481,
            "recall": 0.7172291036788212,
            "f1-score": 0.7515020170062872,
            "support": 93411.0
        },
        "weighted avg": {
            "precision": 0.8471879297380266,
            "recall": 0.8496857971759215,
            "f1-score": 0.8333301947193646,
            "support": 93411.0
        }
    }
}