{
    "index": 63,
    "params": {
        "n_estimators": 200,
        "max_depth": 10,
        "min_samples_split": 2,
        "min_samples_leaf": 1
    },
    "auc": 0.5873130964290022,
    "report": {
        "benign": {
            "precision": 0.7952249150520939,
            "recall": 0.9930451154229835,
            "f1-score": 0.8831934820775877,
            "support": 71173.0
        },
        "malicious": {
            "precision": 0.8908007941760424,
            "recall": 0.18158107743502114,
            "f1-score": 0.3016697172313324,
            "support": 22238.0
        },
        "accuracy": 0.7998629711704189,
        "macro avg": {
            "precision": 0.8430128546140682,
            "recall": 0.5873130964290023,
            "f1-score": 0.59243159965446,
            "support": 93411.0
        },
        "weighted avg": {
            "precision": 0.817978299556685,
            "recall": 0.7998629711704189,
            "f1-score": 0.7447523404277712,
            "support": 93411.0
        }
    }
}