{
    "index": 64,
    "params": {
        "n_estimators": 200,
        "max_depth": 10,
        "min_samples_split": 2,
        "min_samples_leaf": 2
    },
    "auc": 0.5865402054291778,
    "report": {
        "benign": {
            "precision": 0.794916493280099,
            "recall": 0.9930732159667289,
            "f1-score": 0.8830143421118385,
            "support": 71173.0
        },
        "malicious": {
            "precision": 0.890346975088968,
            "recall": 0.18000719489162695,
            "f1-score": 0.2994688411760305,
            "support": 22238.0
        },
        "accuracy": 0.7995096937191551,
        "macro avg": {
            "precision": 0.8426317341845335,
            "recall": 0.586540205429178,
            "f1-score": 0.5912415916439345,
            "support": 93411.0
        },
        "weighted avg": {
            "precision": 0.8176352636012134,
            "recall": 0.7995096937191551,
            "f1-score": 0.7440918934729148,
            "support": 93411.0
        }
    }
}