{
    "index": 65,
    "params": {
        "n_estimators": 200,
        "max_depth": 10,
        "min_samples_split": 2,
        "min_samples_leaf": 4
    },
    "auc": 0.5860947145746912,
    "report": {
        "benign": {
            "precision": 0.7947282639240151,
            "recall": 0.9933963722198025,
            "f1-score": 0.8830258901697287,
            "support": 71173.0
        },
        "malicious": {
            "precision": 0.8942869995501574,
            "recall": 0.17879305692958,
            "f1-score": 0.29800629590766003,
            "support": 22238.0
        },
        "accuracy": 0.7994668722099111,
        "macro avg": {
            "precision": 0.8445076317370863,
            "recall": 0.5860947145746912,
            "f1-score": 0.5905160930386943,
            "support": 93411.0
        },
        "weighted avg": {
            "precision": 0.8184298318641309,
            "recall": 0.7994668722099111,
            "f1-score": 0.7437525097627115,
            "support": 93411.0
        }
    }
}