{
    "index": 66,
    "params": {
        "n_estimators": 200,
        "max_depth": 10,
        "min_samples_split": 5,
        "min_samples_leaf": 1
    },
    "auc": 0.5867243036054267,
    "report": {
        "benign": {
            "precision": 0.7949940941560267,
            "recall": 0.9929467635198741,
            "f1-score": 0.8830122198065822,
            "support": 71173.0
        },
        "malicious": {
            "precision": 0.8888396811337467,
            "recall": 0.1805018436909794,
            "f1-score": 0.3000672796591164,
            "support": 22238.0
        },
        "accuracy": 0.7995311044737772,
        "macro avg": {
            "precision": 0.8419168876448867,
            "recall": 0.5867243036054267,
            "f1-score": 0.5915397497328493,
            "support": 93411.0
        },
        "weighted avg": {
            "precision": 0.8173355546179696,
            "recall": 0.7995311044737772,
            "f1-score": 0.7442327443807829,
            "support": 93411.0
        }
    }
}