{
    "index": 67,
    "params": {
        "n_estimators": 200,
        "max_depth": 10,
        "min_samples_split": 5,
        "min_samples_leaf": 2
    },
    "auc": 0.5870938905797605,
    "report": {
        "benign": {
            "precision": 0.7951435772796831,
            "recall": 0.9928765121605103,
            "f1-score": 0.8830766346964916,
            "support": 71173.0
        },
        "malicious": {
            "precision": 0.8883013879709187,
            "recall": 0.1813112689990107,
            "f1-score": 0.30115397542667216,
            "support": 22238.0
        },
        "accuracy": 0.7996702743788204,
        "macro avg": {
            "precision": 0.8417224826253009,
            "recall": 0.5870938905797605,
            "f1-score": 0.5921153050615818,
            "support": 93411.0
        },
        "weighted avg": {
            "precision": 0.817321301467966,
            "recall": 0.7996702743788204,
            "f1-score": 0.7445405297747775,
            "support": 93411.0
        }
    }
}