{
    "index": 69,
    "params": {
        "n_estimators": 200,
        "max_depth": 10,
        "min_samples_split": 10,
        "min_samples_leaf": 1
    },
    "auc": 0.5871810274747361,
    "report": {
        "benign": {
            "precision": 0.7951831635811153,
            "recall": 0.9927360094417828,
            "f1-score": 0.8830454670432675,
            "support": 71173.0
        },
        "malicious": {
            "precision": 0.886523266022827,
            "recall": 0.18162604550768954,
            "f1-score": 0.3014854071807121,
            "support": 22238.0
        },
        "accuracy": 0.7996381582468874,
        "macro avg": {
            "precision": 0.8408532148019712,
            "recall": 0.5871810274747361,
            "f1-score": 0.5922654371119898,
            "support": 93411.0
        },
        "weighted avg": {
            "precision": 0.8169281529089115,
            "recall": 0.7996381582468874,
            "f1-score": 0.7445956847775439,
            "support": 93411.0
        }
    }
}