{
    "index": 7,
    "params": {
        "n_estimators": 50,
        "max_depth": null,
        "min_samples_split": 10,
        "min_samples_leaf": 2
    },
    "auc": 0.7220212907753903,
    "report": {
        "benign": {
            "precision": 0.8554925514188366,
            "recall": 0.9666165540303205,
            "f1-score": 0.9076660223891919,
            "support": 71173.0
        },
        "malicious": {
            "precision": 0.817132302008774,
            "recall": 0.4774260275204605,
            "f1-score": 0.6027078425250489,
            "support": 22238.0
        },
        "accuracy": 0.8501568337776065,
        "macro avg": {
            "precision": 0.8363124267138053,
            "recall": 0.7220212907753905,
            "f1-score": 0.7551869324571204,
            "support": 93411.0
        },
        "weighted avg": {
            "precision": 0.8463602733532878,
            "recall": 0.8501568337776065,
            "f1-score": 0.8350657932532356,
            "support": 93411.0
        }
    }
}