{
    "index": 70,
    "params": {
        "n_estimators": 200,
        "max_depth": 10,
        "min_samples_split": 10,
        "min_samples_leaf": 2
    },
    "auc": 0.5867678630495701,
    "report": {
        "benign": {
            "precision": 0.795009955341575,
            "recall": 0.9929889143354924,
            "f1-score": 0.8830386705816206,
            "support": 71173.0
        },
        "malicious": {
            "precision": 0.8894550287992911,
            "recall": 0.1805468117636478,
            "f1-score": 0.3001644736842105,
            "support": 22238.0
        },
        "accuracy": 0.7995739259830212,
        "macro avg": {
            "precision": 0.842232492070433,
            "recall": 0.5867678630495701,
            "f1-score": 0.5916015721329155,
            "support": 93411.0
        },
        "weighted avg": {
            "precision": 0.8174941332601573,
            "recall": 0.7995739259830212,
            "f1-score": 0.7442760367311682,
            "support": 93411.0
        }
    }
}