{
    "index": 71,
    "params": {
        "n_estimators": 200,
        "max_depth": 10,
        "min_samples_split": 10,
        "min_samples_leaf": 4
    },
    "auc": 0.5866835434116446,
    "report": {
        "benign": {
            "precision": 0.7949744674150226,
            "recall": 0.9930451154229835,
            "f1-score": 0.8830389994939999,
            "support": 71173.0
        },
        "malicious": {
            "precision": 0.8901220865704772,
            "recall": 0.18032197140030579,
            "f1-score": 0.29989156040833115,
            "support": 22238.0
        },
        "accuracy": 0.7995632206057103,
        "macro avg": {
            "precision": 0.8425482769927499,
            "recall": 0.5866835434116446,
            "f1-score": 0.5914652799511655,
            "support": 93411.0
        },
        "weighted avg": {
            "precision": 0.8176258977045925,
            "recall": 0.7995632206057103,
            "f1-score": 0.7442113159193984,
            "support": 93411.0
        }
    }
}