{
    "index": 72,
    "params": {
        "n_estimators": 200,
        "max_depth": 20,
        "min_samples_split": 2,
        "min_samples_leaf": 1
    },
    "auc": 0.7007338946401993,
    "report": {
        "benign": {
            "precision": 0.8447841178978138,
            "recall": 0.9745409073665575,
            "f1-score": 0.9050352953457117,
            "support": 71173.0
        },
        "malicious": {
            "precision": 0.8397311162214753,
            "recall": 0.42692688191384115,
            "f1-score": 0.5660624850942046,
            "support": 22238.0
        },
        "accuracy": 0.8441725278607445,
        "macro avg": {
            "precision": 0.8422576170596445,
            "recall": 0.7007338946401993,
            "f1-score": 0.7355488902199582,
            "support": 93411.0
        },
        "weighted avg": {
            "precision": 0.8435811690879476,
            "recall": 0.8441725278607445,
            "f1-score": 0.8243373330674681,
            "support": 93411.0
        }
    }
}