{
    "index": 73,
    "params": {
        "n_estimators": 200,
        "max_depth": 20,
        "min_samples_split": 2,
        "min_samples_leaf": 2
    },
    "auc": 0.6991585314415243,
    "report": {
        "benign": {
            "precision": 0.8439760281049804,
            "recall": 0.9754822755820325,
            "f1-score": 0.904976667796345,
            "support": 71173.0
        },
        "malicious": {
            "precision": 0.8434696806602081,
            "recall": 0.42283478730101626,
            "f1-score": 0.5632900017971605,
            "support": 22238.0
        },
        "accuracy": 0.8439155988052799,
        "macro avg": {
            "precision": 0.8437228543825943,
            "recall": 0.6991585314415244,
            "f1-score": 0.7341333347967527,
            "support": 93411.0
        },
        "weighted avg": {
            "precision": 0.8438554839027255,
            "recall": 0.8439155988052799,
            "f1-score": 0.823632628245437,
            "support": 93411.0
        }
    }
}