{
    "index": 74,
    "params": {
        "n_estimators": 200,
        "max_depth": 20,
        "min_samples_split": 2,
        "min_samples_leaf": 4
    },
    "auc": 0.6944593498409871,
    "report": {
        "benign": {
            "precision": 0.841816881432364,
            "recall": 0.9757070799319967,
            "f1-score": 0.9038303853812815,
            "support": 71173.0
        },
        "malicious": {
            "precision": 0.8416376625755633,
            "recall": 0.4132116197499775,
            "f1-score": 0.5542888165038002,
            "support": 22238.0
        },
        "accuracy": 0.8417959340976973,
        "macro avg": {
            "precision": 0.8417272720039637,
            "recall": 0.6944593498409871,
            "f1-score": 0.7290596009425409,
            "support": 93411.0
        },
        "weighted avg": {
            "precision": 0.8417742154836262,
            "recall": 0.8417959340976973,
            "f1-score": 0.8206163591028194,
            "support": 93411.0
        }
    }
}