{
    "index": 75,
    "params": {
        "n_estimators": 200,
        "max_depth": 20,
        "min_samples_split": 5,
        "min_samples_leaf": 1
    },
    "auc": 0.7002097186618874,
    "report": {
        "benign": {
            "precision": 0.8445245167259093,
            "recall": 0.974751661444649,
            "f1-score": 0.9049771394655657,
            "support": 71173.0
        },
        "malicious": {
            "precision": 0.8404510343602948,
            "recall": 0.4256677758791258,
            "f1-score": 0.565117459180323,
            "support": 22238.0
        },
        "accuracy": 0.8440333579557011,
        "macro avg": {
            "precision": 0.8424877755431021,
            "recall": 0.7002097186618874,
            "f1-score": 0.7350472993229443,
            "support": 93411.0
        },
        "weighted avg": {
            "precision": 0.8435547583372127,
            "recall": 0.8440333579557011,
            "f1-score": 0.8240680434256643,
            "support": 93411.0
        }
    }
}