{
    "index": 76,
    "params": {
        "n_estimators": 200,
        "max_depth": 20,
        "min_samples_split": 5,
        "min_samples_leaf": 2
    },
    "auc": 0.6983941102195395,
    "report": {
        "benign": {
            "precision": 0.8436690778676068,
            "recall": 0.9750326668821042,
            "f1-score": 0.9046067210678624,
            "support": 71173.0
        },
        "malicious": {
            "precision": 0.8407135173897454,
            "recall": 0.4217555535569745,
            "f1-score": 0.5617176738336228,
            "support": 22238.0
        },
        "accuracy": 0.8433160976758626,
        "macro avg": {
            "precision": 0.8421912976286761,
            "recall": 0.6983941102195393,
            "f1-score": 0.7331621974507426,
            "support": 93411.0
        },
        "weighted avg": {
            "precision": 0.8429654588729842,
            "recall": 0.8433160976758626,
            "f1-score": 0.8229764352086486,
            "support": 93411.0
        }
    }
}