{
    "index": 78,
    "params": {
        "n_estimators": 200,
        "max_depth": 20,
        "min_samples_split": 10,
        "min_samples_leaf": 1
    },
    "auc": 0.6971405486654796,
    "report": {
        "benign": {
            "precision": 0.8430097087378641,
            "recall": 0.9759880853694519,
            "f1-score": 0.9046381850976408,
            "support": 71173.0
        },
        "malicious": {
            "precision": 0.8447915720642993,
            "recall": 0.4182930119615073,
            "f1-score": 0.559535625131583,
            "support": 22238.0
        },
        "accuracy": 0.8432197492800634,
        "macro avg": {
            "precision": 0.8439006404010817,
            "recall": 0.6971405486654796,
            "f1-score": 0.7320869051146119,
            "support": 93411.0
        },
        "weighted avg": {
            "precision": 0.8434339101344155,
            "recall": 0.8432197492800634,
            "f1-score": 0.8224809367165594,
            "support": 93411.0
        }
    }
}