{
    "index": 79,
    "params": {
        "n_estimators": 200,
        "max_depth": 20,
        "min_samples_split": 10,
        "min_samples_leaf": 2
    },
    "auc": 0.6967667538122596,
    "report": {
        "benign": {
            "precision": 0.8428422355425049,
            "recall": 0.9759599848257063,
            "f1-score": 0.904529680246375,
            "support": 71173.0
        },
        "malicious": {
            "precision": 0.8444121123942894,
            "recall": 0.4175735227988128,
            "f1-score": 0.558808485030841,
            "support": 22238.0
        },
        "accuracy": 0.843027052488465,
        "macro avg": {
            "precision": 0.8436271739683971,
            "recall": 0.6967667538122596,
            "f1-score": 0.7316690826386081,
            "support": 93411.0
        },
        "weighted avg": {
            "precision": 0.8432159701286884,
            "recall": 0.843027052488465,
            "f1-score": 0.8222251557342399,
            "support": 93411.0
        }
    }
}