{
    "index": 8,
    "params": {
        "n_estimators": 50,
        "max_depth": null,
        "min_samples_split": 10,
        "min_samples_leaf": 4
    },
    "auc": 0.7169665184523254,
    "report": {
        "benign": {
            "precision": 0.8530023781212842,
            "recall": 0.9676141233332864,
            "f1-score": 0.9067007221428618,
            "support": 71173.0
        },
        "malicious": {
            "precision": 0.8181459566074951,
            "recall": 0.46631891357136435,
            "f1-score": 0.5940480623263541,
            "support": 22238.0
        },
        "accuracy": 0.8482726873708664,
        "macro avg": {
            "precision": 0.8355741673643897,
            "recall": 0.7169665184523254,
            "f1-score": 0.750374392234608,
            "support": 93411.0
        },
        "weighted avg": {
            "precision": 0.8447042429806302,
            "recall": 0.8482726873708664,
            "f1-score": 0.8322686975526156,
            "support": 93411.0
        }
    }
}