{
    "index": 80,
    "params": {
        "n_estimators": 200,
        "max_depth": 20,
        "min_samples_split": 10,
        "min_samples_leaf": 4
    },
    "auc": 0.694249932364665,
    "report": {
        "benign": {
            "precision": 0.841682516991144,
            "recall": 0.9761426383600522,
            "f1-score": 0.90393973301413,
            "support": 71173.0
        },
        "malicious": {
            "precision": 0.8437615016562385,
            "recall": 0.4123572263692778,
            "f1-score": 0.5539781308524134,
            "support": 22238.0
        },
        "accuracy": 0.8419243986254296,
        "macro avg": {
            "precision": 0.8427220093236913,
            "recall": 0.694249932364665,
            "f1-score": 0.7289589319332717,
            "support": 93411.0
        },
        "weighted avg": {
            "precision": 0.8421774529299774,
            "recall": 0.8419243986254296,
            "f1-score": 0.8206257110159472,
            "support": 93411.0
        }
    }
}