{
    "index": 9,
    "params": {
        "n_estimators": 50,
        "max_depth": 10,
        "min_samples_split": 2,
        "min_samples_leaf": 1
    },
    "auc": 0.587221823681896,
    "report": {
        "benign": {
            "precision": 0.7952185761581947,
            "recall": 0.992188048838745,
            "f1-score": 0.8828504453820909,
            "support": 71173.0
        },
        "malicious": {
            "precision": 0.8793664569320894,
            "recall": 0.18225559852504722,
            "f1-score": 0.30193317689127275,
            "support": 22238.0
        },
        "accuracy": 0.7993705238141118,
        "macro avg": {
            "precision": 0.837292516545142,
            "recall": 0.5872218236818961,
            "f1-score": 0.5923918111366818,
            "support": 93411.0
        },
        "weighted avg": {
            "precision": 0.8152513407431993,
            "recall": 0.7993705238141118,
            "f1-score": 0.7445536900031868,
            "support": 93411.0
        }
    }
}